D,stage,page,videos_per_platform,ig_trial_reels,threads_x_text_posts,posts
-14,RUNWAY,@changyin,2,0,2,S158 (runway·WAITLIST) | S01 (F02·STRONG)
-14,RUNWAY,@sunyoon.kitchen,2,0,2,S167 (runway·WAITLIST) | S33 (F06·GUT)
-14,RUNWAY,@sunyoon,2,0,2,S169 (runway·BEGIN) | S51 (F08·STRONG)
-13,RUNWAY,@changyin,2,0,2,S04 (F16·TEST) | S19 (F11·STRONG)
-13,RUNWAY,@sunyoon.kitchen,2,0,2,Fiber Ladder D1 | S111 (F18·SOUP)
-13,RUNWAY,@sunyoon,2,0,2,Frank's Comeback ep1 | S43 (F28·STRONG)
-12,RUNWAY,@changyin,2,0,2,S159 (runway·TEST) | S06 (F28·STRONG)
-12,RUNWAY,@sunyoon.kitchen,2,0,2,S160 (runway·GUT) | S31 (F04·SOUP)
-12,RUNWAY,@sunyoon,2,0,2,S168 (runway·TEST) | S52 (F34·BALANCE)
-11,RUNWAY,@changyin,2,0,2,S152 (runway·STRONG) | S10 (F21·BREATH)
-11,RUNWAY,@sunyoon.kitchen,2,0,2,S39 (F06·SOUP) | S35 (F06·GUT)
-11,RUNWAY,@sunyoon,2,0,2,S54 (F08·BACK) | S56 (F34·STRONG)
-10,RUNWAY,@changyin,2,0,2,S03 (F02·TEST) | 7-Day Strong D2
-10,RUNWAY,@sunyoon.kitchen,2,0,2,S161 (runway·SOUP) | S36 (F31·GUT)
-10,RUNWAY,@sunyoon,2,0,2,S172 (runway·SOUP) | Frank's Comeback ep2
-9,RUNWAY,@changyin,2,0,2,S154 (runway·TEST) | S02 (F02·BALANCE)
-9,RUNWAY,@sunyoon.kitchen,2,0,2,Fiber Ladder D2 | S32 (F18·SOUP)
-9,RUNWAY,@sunyoon,2,0,2,S53 (F33·FAMILY) | S40 (F07·KNEES)
-8,RUNWAY,@changyin,2,0,2,S153 (runway·WAITLIST) | S05 (F16·STRONG)
-8,RUNWAY,@sunyoon.kitchen,2,0,2,S162 (runway·BEGIN) | H127 (F07·STRONG)
-8,RUNWAY,@sunyoon,2,0,2,S170 (runway·BALANCE) | S55 (F18·SOUP)
-7,RUNWAY,@changyin,3,1,3,S07 (F28·STRONG) | S11 (F05·SLEEP) | S16 (F02·STRONG)
-7,RUNWAY,@sunyoon.kitchen,3,1,3,S166 (runway·SOUP) | S34 (F04·GUT) | H241 (F07·KNEES)
-7,RUNWAY,@sunyoon,3,1,3,S171 (runway·BEGIN) | S57 (F08·SLEEP) | S59 (F08·TEST)
-6,RUNWAY,@changyin,3,1,3,S151 (runway·STRONG) | S18 (F14·STRONG) | 7-Day Strong D3
-6,RUNWAY,@sunyoon.kitchen,3,1,3,S44 (F18·SOUP) | S45 (F06·GUT) | Fiber Ladder D3
-6,RUNWAY,@sunyoon,3,1,3,Loser does dishes | S58 (F35·BREATH) | S41 (F07·BEGIN)
-5,RUNWAY,@changyin,3,1,3,S15 (F02·KNEES) | S08 (F28·BALANCE) | S12 (F05·SLEEP)
-5,RUNWAY,@sunyoon.kitchen,3,1,3,S165 (runway·BEGIN) | S38 (F06·GUT) | H243 (F07·BEGIN)
-5,RUNWAY,@sunyoon,3,1,3,S173 (runway·TEST) | S116 (F04·BREATH) | S115 (F04·SLEEP)
-4,RUNWAY,@changyin,3,1,3,S157 (runway·KNEES) | S61 (F02·TEST) | S20 (F03·BACK)
-4,RUNWAY,@sunyoon.kitchen,3,1,3,S99 (F04·SOUP) | H160 (F06·GUT) | S102 (F06·GUT)
-4,RUNWAY,@sunyoon,3,1,3,S126 (F08·BACK) | S123 (F10·SOUP) | Frank's Comeback ep4
-3,RUNWAY,@changyin,3,1,3,S155 (runway·BREATH) | 7-Day Strong D4 | S17 (F23·STRONG)
-3,RUNWAY,@sunyoon.kitchen,3,1,3,S164 (runway·WAITLIST) | S104 (F31·GUT) | Fiber Ladder D4
-3,RUNWAY,@sunyoon,3,1,3,S174 (runway·WAITLIST) | S125 (F34·BALANCE) | S42 (F07·STRONG)
-2,RUNWAY,@changyin,3,1,3,S21 (F13·STRONG) | S09 (F22·BALANCE) | REPLY video (F09)
-2,RUNWAY,@sunyoon.kitchen,3,1,3,S48 (F18·SOUP) | S100 (F04·SOUP) | REPLY video (F09)
-2,RUNWAY,@sunyoon,3,1,3,S128 (F34·TEST) | REPLY video (F09) | S130 (F25·KNEES)
-1,RUNWAY,@changyin,3,1,3,S156 (runway·WAITLIST) | S64 (F32·BALANCE) | S25 (F14·KNEES)
-1,RUNWAY,@sunyoon.kitchen,3,1,3,S163 (runway·WAITLIST) | S106 (F18·SOUP) | Fiber Ladder D5
-1,RUNWAY,@sunyoon,3,1,3,S175 (runway·WAITLIST) | S127 (F31·GUT) | Frank's Comeback ep5
0,LAUNCH WEEK,@changyin,5,1,5,S176 (launch·BOOK) | S177 (launch·JOIN) | 7-Day Strong D5 | S22 (F20·BACK) | S27 (F15·STRONG)
0,LAUNCH WEEK,@sunyoon.kitchen,5,1,5,S181 (launch·BOOK) | S101 (F04·SOUP) | H124 (F07·STRONG) | S103 (F04·GUT) | H174 (F06·GUT)
0,LAUNCH WEEK,@sunyoon,5,1,5,S186 (launch·BOOK) | S129 (F28·BEGIN) | S131 (F08·BACK) | S132 (F27·STRONG) | S134 (F08·STRONG)
1,LAUNCH WEEK,@changyin,5,1,5,S178 (launch·BOOK) | S13 (F03·BACK) | S24 (F32·BALANCE) | S67 (F02·TEST) | S28 (F13·STRONG)
1,LAUNCH WEEK,@sunyoon.kitchen,5,1,5,S182 (launch·BOOK) | S110 (F06·SOUP) | S113 (F18·SOUP) | Fiber Ladder D6 | S108 (F19·GUT)
1,LAUNCH WEEK,@sunyoon,5,1,5,S187 (launch·BOOK) | H216 (F08·STRONG) | Frank's Comeback ep6 | S133 (F29·BEGIN) | S46 (F35·BEGIN)
1,LAUNCH WEEK,@changyin.strength,2,0,2,page library + NEW (see CONTENT_SYSTEM §8.1)
1,LAUNCH WEEK,@changyin.mobility,2,0,2,page library + NEW (see CONTENT_SYSTEM §8.1)
2,LAUNCH WEEK,@changyin,5,1,5,S180 (launch·BOOK) | 7-Day Strong D6 | S62 (F32·STRONG) | S14 (F03·BACK) | S30 (F22·SLEEP)
2,LAUNCH WEEK,@sunyoon.kitchen,5,1,5,S183 (launch·BOOK) | H129 (F07·SOUP) | S105 (F04·GUT) | H244 (F07·STRONG) | S114 (F06·GUT)
2,LAUNCH WEEK,@sunyoon,5,1,5,S188 (launch·JOIN) | H159 (F07·BEGIN) | H047 (F08·BALANCE) | H217 (F08·STRONG) | Frank's Comeback ep7
2,LAUNCH WEEK,@changyin.strength,2,0,2,page library + NEW (see CONTENT_SYSTEM §8.1)
2,LAUNCH WEEK,@changyin.mobility,2,0,2,page library + NEW (see CONTENT_SYSTEM §8.1)
3,LAUNCH WEEK,@changyin,5,1,5,S179 (launch·BOOK) | S70 (F13·STRONG) | S29 (F15·BALANCE) | 7-Day Strong D7 | S63 (F02·BALANCE)
3,LAUNCH WEEK,@sunyoon.kitchen,5,1,5,S184 (launch·JOIN) | H181 (F31·SOUP) | Fiber Ladder D7 | S112 (F04·GUT) | H134 (F07·STRONG)
3,LAUNCH WEEK,@sunyoon,5,1,5,S189 (launch·BOOK) | H028 (F08·BEGIN) | S50 (F07·BALANCE) | H090 (F07·BEGIN) | H163 (F08·SLEEP)
3,LAUNCH WEEK,@changyin.strength,2,0,2,page library + NEW (see CONTENT_SYSTEM §8.1)
3,LAUNCH WEEK,@changyin.mobility,2,0,2,page library + NEW (see CONTENT_SYSTEM §8.1)
4,LAUNCH WEEK,@changyin,5,1,5,S23 (F28·STRONG) | H154 (F05·BACK) | S71 (F01·STRONG) | S68 (F17·STRONG) | 30-Day Balance D1
4,LAUNCH WEEK,@sunyoon.kitchen,5,1,5,S185 (launch·FAMILY) | S107 (F04·BACK) | H246 (F18·SOUP) | H050 (F18·SOUP) | H185 (F31·SOUP)
4,LAUNCH WEEK,@sunyoon,5,1,5,H056 (F34·STRONG) | H219 (F34·BALANCE) | Frank's Comeback ep8 | H218 (F35·BEGIN) | S117 (F07·TEST)
4,LAUNCH WEEK,@changyin.strength,2,0,2,page library + NEW (see CONTENT_SYSTEM §8.1)
4,LAUNCH WEEK,@changyin.mobility,2,0,2,page library + NEW (see CONTENT_SYSTEM §8.1)
5,LAUNCH WEEK,@changyin,5,1,5,S66 (F03·BACK) | S69 (F33·FAMILY) | REMIX wk1 winner | REPLY video (F09) | S75 (F02·TEST)
5,LAUNCH WEEK,@sunyoon.kitchen,5,1,5,Sun Answers #1 | H182 (F18·SOUP) | H138 (F31·SOUP) | REMIX wk1 winner | REPLY video (F09)
5,LAUNCH WEEK,@sunyoon,5,1,5,REMIX wk1 winner | REPLY video (F09) | H221 (F08·STRONG) | H223 (F34·STRONG) | Frank's Comeback ep9
5,LAUNCH WEEK,@changyin.strength,2,0,2,page library + NEW (see CONTENT_SYSTEM §8.1)
5,LAUNCH WEEK,@changyin.mobility,2,0,2,page library + NEW (see CONTENT_SYSTEM §8.1)
6,LAUNCH WEEK,@changyin,5,1,5,S73 (F15·BALANCE) | 30-Day Balance D2 | S72 (F03·BACK) | H001 (F27·STRONG) | S26 (F28·KNEES)
6,LAUNCH WEEK,@sunyoon.kitchen,5,1,5,H060 (F11·GUT) | H186 (F18·SOUP) | Sun Answers #2 | H005 (F06·GUT) | H139 (F31·SOUP)
6,LAUNCH WEEK,@sunyoon,5,1,5,S190 (launch·BOOK) | H220 (F28·STRONG) | S118 (F35·BEGIN) | H222 (F35·BEGIN) | H170 (F07·BEGIN)
6,LAUNCH WEEK,@changyin.strength,2,0,2,page library + NEW (see CONTENT_SYSTEM §8.1)
6,LAUNCH WEEK,@changyin.mobility,2,0,2,page library + NEW (see CONTENT_SYSTEM §8.1)
7,WEEK 2,@changyin,7,1,4,H155 (F21·SLEEP) | H271 (F16·TEST) | H092 (F02·STRONG) | 30-Day Balance D3 | H121 (F27·STRONG) | H004 (F02·BALANCE) | REMIX wk1 winner
7,WEEK 2,@sunyoon.kitchen,7,1,4,S109 (F04·SOUP) | H249 (F07·STRONG) | H187 (F31·SOUP) | H189 (F12·SOUP) | Sun Answers #3 | H010 (F31·SOUP) | H143 (F18·SOUP)
7,WEEK 2,@sunyoon,7,1,4,H225 (F08·BEGIN) | H226 (F25·KNEES) | Loser does dishes | H224 (F29·GUT) | S119 (F14·STRONG) | REMIX wk1 winner | H177 (F08·BACK)
7,WEEK 2,@changyin.strength,2,0,2,page library + NEW (see CONTENT_SYSTEM §8.1)
7,WEEK 2,@changyin.mobility,2,0,2,page library + NEW (see CONTENT_SYSTEM §8.1)
8,WEEK 2,@changyin,7,1,4,H156 (F05·KNEES) | H272 (F16·BALANCE) | H007 (F13·KNEES) | 30-Day Balance D4 | H006 (F21·BREATH) | H008 (F15·BACK) | S65 (F28·STRONG)
8,WEEK 2,@sunyoon.kitchen,7,1,4,REMIX wk1 winner | H251 (F07·STRONG) | H191 (F31·SOUP) | H192 (F06·SOUP) | Sun Answers #4 | H017 (F06·GUT) | H252 (F07·GUT)
8,WEEK 2,@sunyoon,7,1,4,H228 (F08·STRONG) | H231 (F08·BEGIN) | Frank's Comeback ep11 | H227 (F35·BEGIN) | S120 (F07·BALANCE) | H230 (F08·STRONG) | H180 (F07·BEGIN)
8,WEEK 2,@changyin.strength,3,1,2,page library + NEW (see CONTENT_SYSTEM §8.1)
8,WEEK 2,@changyin.mobility,3,1,2,page library + NEW (see CONTENT_SYSTEM §8.1)
9,WEEK 2,@changyin,7,1,4,H157 (F22·SLEEP) | H273 (F16·TEST) | H012 (F17·STRONG) | 30-Day Balance D5 | H009 (F05·SLEEP) | H013 (F13·STRONG) | REMIX wk1 winner
9,WEEK 2,@sunyoon.kitchen,7,1,4,H067 (F04·GUT) | H254 (F07·STRONG) | H193 (F31·SOUP) | H194 (F18·SOUP) | Sun Answers #5 | H020 (F07·STRONG) | H255 (F07·STRONG)
9,WEEK 2,@sunyoon,7,1,4,H234 (F18·SOUP) | H235 (F27·BEGIN) | Frank's Comeback ep12 | H233 (F08·BEGIN) | S121 (F26·KNEES) | REMIX wk1 winner | REPLY video (F09)
9,WEEK 2,@changyin.strength,3,1,2,page library + NEW (see CONTENT_SYSTEM §8.1)
9,WEEK 2,@changyin.mobility,3,1,2,page library + NEW (see CONTENT_SYSTEM §8.1)
10,WEEK 2,@changyin,7,1,4,REPLY video (F09) | H034 (F02·STRONG) | H016 (F15·STRONG) | 30-Day Balance D6 | H015 (F22·BALANCE) | H018 (F02·TEST) | H064 (F28·BACK)
10,WEEK 2,@sunyoon.kitchen,7,1,4,REMIX wk1 winner | REPLY video (F09) | H195 (F31·GUT) | H196 (F31·SOUP) | Sun Answers #6 | H022 (F06·GUT) | H256 (F08·BACK)
10,WEEK 2,@sunyoon,7,1,4,H238 (F35·BEGIN) | NEW P03/F15·BALANCE | Frank's Comeback ep13 | H236 (F28·STRONG) | H122 (F07·BEGIN) | H240 (F35·BEGIN) | NEW P07/F21·BREATH
10,WEEK 2,@changyin.strength,3,1,2,page library + NEW (see CONTENT_SYSTEM §8.1)
10,WEEK 2,@changyin.mobility,3,1,2,page library + NEW (see CONTENT_SYSTEM §8.1)
11,WEEK 2,@changyin,7,1,4,H161 (F05·SLEEP) | H035 (F02·STRONG) | H023 (F02·BALANCE) | 30-Day Balance D7 | H019 (F16·STRONG) | H024 (F13·BREATH) | REMIX wk1 winner
11,WEEK 2,@sunyoon.kitchen,7,1,4,H070 (F04·BACK) | H258 (F18·SOUP) | H197 (F06·GUT) | H198 (F31·SOUP) | Sunday Soup | H026 (F31·GUT) | H259 (F07·STRONG)
11,WEEK 2,@sunyoon,7,1,4,NEW P19/F11·STRONG | NEW P03/F15·BALANCE | Frank's Comeback ep14 | NEW P01/F02·TEST | H242 (F07·FAMILY) | REMIX wk1 winner | NEW P07/F21·BREATH
11,WEEK 2,@changyin.strength,3,1,2,page library + NEW (see CONTENT_SYSTEM §8.1)
11,WEEK 2,@changyin.mobility,3,1,2,page library + NEW (see CONTENT_SYSTEM §8.1)
12,WEEK 2,@changyin,7,1,4,H162 (F21·BREATH) | H036 (F02·BALANCE) | H027 (F14·BACK) | 30-Day Balance D8 | H025 (F13·STRONG) | H029 (F27·STRONG) | H069 (F04·BALANCE)
12,WEEK 2,@sunyoon.kitchen,7,1,4,REMIX wk1 winner | H261 (F07·GUT) | H200 (F11·GUT) | H201 (F28·GUT) | Sun Answers #8 | H199 (F31·GUT) | H262 (F07·STRONG)
12,WEEK 2,@sunyoon,7,1,4,H113 (F33·FAMILY) | H125 (F33·FAMILY) | Frank's Comeback ep15 | H101 (F07·BEGIN) | H135 (F34·STRONG) | H294 (F07·BEGIN) | H144 (F07·BEGIN)
12,WEEK 2,@changyin.strength,3,1,2,page library + NEW (see CONTENT_SYSTEM §8.1)
12,WEEK 2,@changyin.mobility,3,1,2,page library + NEW (see CONTENT_SYSTEM §8.1)
13,WEEK 2,@changyin,7,1,4,H164 (F05·BACK) | H037 (F02·TEST) | H094 (F16·STRONG) | 30-Day Balance D9 | H030 (F13·STRONG) | H097 (F17·STRONG) | REMIX wk2 winner
13,WEEK 2,@sunyoon.kitchen,7,1,4,H071 (F28·SOUP) | H266 (F07·STRONG) | H204 (F06·SOUP) | H205 (F12·SOUP) | Sun Answers #9 | H203 (F06·SOUP) | H270 (F07·STRONG)
13,WEEK 2,@sunyoon,7,1,4,H150 (F29·BALANCE) | H247 (F07·BEGIN) | Frank's Comeback ep16 | H147 (F07·BEGIN) | H248 (F35·BEGIN) | REMIX wk2 winner | REPLY video (F09)
13,WEEK 2,@changyin.strength,3,1,2,page library + NEW (see CONTENT_SYSTEM §8.1)
13,WEEK 2,@changyin.mobility,3,1,2,page library + NEW (see CONTENT_SYSTEM §8.1)
14,SCALE,@changyin,7,1,4,REPLY video (F09) | H041 (F32·BALANCE) | H098 (F15·BALANCE) | 30-Day Balance D10 | H038 (F02·BACK) | H099 (F02·TEST) | H073 (F21·BREATH)
14,SCALE,@sunyoon.kitchen,7,1,4,REMIX wk2 winner | REPLY video (F09) | H208 (F28·SOUP) | H209 (F31·GUT) | Sun Answers #10 | H206 (F18·SOUP) | H080 (F04·GUT)
14,SCALE,@sunyoon,7,1,4,H253 (F07·BEGIN) | H260 (F07·BEGIN) | Loser does dishes | H250 (F35·BEGIN) | H264 (F35·BEGIN) | H257 (F35·BEGIN) | H265 (F07·BEGIN)
14,SCALE,@changyin.strength,3,1,2,page library + NEW (see CONTENT_SYSTEM §8.1)
14,SCALE,@changyin.mobility,3,1,2,page library + NEW (see CONTENT_SYSTEM §8.1)
15,SCALE,@changyin,7,1,4,H165 (F05·SLEEP) | H043 (F02·TEST) | H100 (F14·BACK) | 30-Day Balance D11 | H042 (F02·BACK) | H102 (F15·KNEES) | REMIX wk2 winner
15,SCALE,@sunyoon.kitchen,7,1,4,H076 (F06·GUT) | H087 (F31·GUT) | H279 (F18·GUT) | H104 (F18·SOUP) | Sun Answers #11 | H210 (F31·SOUP) | H111 (F06·GUT)
15,SCALE,@sunyoon,7,1,4,H269 (F07·BEGIN) | NEW P03/F15·BALANCE | Frank's Comeback ep18 | H267 (F07·BEGIN) | NEW P01/F02·TEST | REMIX wk2 winner | NEW P13/F18·SOUP
15,SCALE,@changyin.strength,5,1,2,page library + NEW (see CONTENT_SYSTEM §8.1)
15,SCALE,@changyin.mobility,5,1,2,page library + NEW (see CONTENT_SYSTEM §8.1)
15,SCALE,@changyin.espanol,3,0,2,page library + NEW (see CONTENT_SYSTEM §8.1)
16,SCALE,@changyin,7,1,4,H168 (F15·BALANCE) | H048 (F02·BACK) | H103 (F05·SLEEP) | 30-Day Balance D12 | H046 (F02·BALANCE) | H105 (F16·TEST) | H074 (F28·STRONG)
16,SCALE,@sunyoon.kitchen,7,1,4,REMIX wk2 winner | H117 (F18·SOUP) | H287 (F06·GUT) | H293 (F18·SOUP) | Sun Answers #12 | H286 (F06·GUT) | H295 (F28·GUT)
16,SCALE,@sunyoon,7,1,4,NEW P03/F15·BALANCE | NEW P01/F02·TEST | Frank's Comeback ep19 | NEW P19/F11·STRONG | NEW P13/F18·SOUP | NEW P18/F10·BEGIN | NEW P19/F11·STRONG
16,SCALE,@changyin.strength,5,1,2,page library + NEW (see CONTENT_SYSTEM §8.1)
16,SCALE,@changyin.mobility,5,1,2,page library + NEW (see CONTENT_SYSTEM §8.1)
16,SCALE,@changyin.espanol,3,0,2,page library + NEW (see CONTENT_SYSTEM §8.1)
17,SCALE,@changyin,7,1,4,H169 (F05·BACK) | H051 (F17·STRONG) | H106 (F15·BACK) | 30-Day Balance D13 | H049 (F05·SLEEP) | H107 (F16·BALANCE) | REMIX wk2 winner
17,SCALE,@sunyoon.kitchen,7,1,4,H291 (F06·GUT) | NEW P11/F31·SOUP | NEW P11/F31·SOUP | NEW P11/F31·SOUP | Sun Answers #13 | NEW P11/F31·SOUP | NEW P11/F31·SOUP
17,SCALE,@sunyoon,7,1,4,NEW P03/F15·BALANCE | NEW P18/F10·BEGIN | 50th countdown | NEW P07/F21·BREATH | NEW P01/F02·TEST | REMIX wk2 winner | REPLY video (F09)
17,SCALE,@changyin.strength,5,1,2,page library + NEW (see CONTENT_SYSTEM §8.1)
17,SCALE,@changyin.mobility,5,1,2,page library + NEW (see CONTENT_SYSTEM §8.1)
17,SCALE,@changyin.espanol,3,0,2,page library + NEW (see CONTENT_SYSTEM §8.1)
18,SCALE,@changyin,7,1,4,REPLY video (F09) | H053 (F21·BREATH) | H108 (F15·STRONG) | 30-Day Balance D14 | H052 (F02·STRONG) | H112 (F16·STRONG) | H077 (F03·KNEES)
18,SCALE,@sunyoon.kitchen,7,1,4,REMIX wk2 winner | REPLY video (F09) | NEW P11/F31·SOUP | NEW P12/F06·SOUP | Sunday Soup | NEW P11/F31·SOUP | NEW P11/F31·SOUP
18,SCALE,@sunyoon,7,1,4,NEW P19/F11·STRONG | NEW P07/F21·BREATH | 50th countdown | NEW P13/F18·SOUP | NEW P01/F02·TEST | NEW P03/F15·BALANCE | NEW P13/F18·SOUP
18,SCALE,@changyin.strength,5,1,2,page library + NEW (see CONTENT_SYSTEM §8.1)
18,SCALE,@changyin.mobility,5,1,2,page library + NEW (see CONTENT_SYSTEM §8.1)
18,SCALE,@changyin.espanol,3,0,2,page library + NEW (see CONTENT_SYSTEM §8.1)
19,SCALE,@changyin,7,1,4,H171 (F21·BREATH) | H055 (F14·STRONG) | H114 (F16·TEST) | 30-Day Balance D15 | H054 (F11·BALANCE) | H115 (F17·STRONG) | REMIX wk3 winner
19,SCALE,@sunyoon.kitchen,7,1,4,NEW P11/F31·SOUP | NEW P12/F06·SOUP | NEW P12/F06·SOUP | NEW P11/F31·SOUP | Sun Answers #15 | NEW P11/F31·SOUP | NEW P12/F06·SOUP
19,SCALE,@sunyoon,7,1,4,NEW P19/F11·STRONG | NEW P03/F15·BALANCE | 50th countdown | NEW P15/F28·BEGIN | NEW P18/F10·BEGIN | REMIX wk3 winner | NEW P07/F21·BREATH
19,SCALE,@changyin.strength,5,1,2,page library + NEW (see CONTENT_SYSTEM §8.1)
19,SCALE,@changyin.mobility,5,1,2,page library + NEW (see CONTENT_SYSTEM §8.1)
19,SCALE,@changyin.espanol,3,0,2,page library + NEW (see CONTENT_SYSTEM §8.1)
20,SCALE,@changyin,7,1,4,H172 (F05·SLEEP) | H058 (F02·STRONG) | H116 (F21·BREATH) | 30-Day Balance D16 | H057 (F02·BALANCE) | H118 (F14·BACK) | H081 (F28·STRONG)
20,SCALE,@sunyoon.kitchen,7,1,4,REMIX wk3 winner | NEW P11/F31·SOUP | NEW P11/F31·SOUP | NEW P10/F06·GUT | Sun Answers #16 | NEW P10/F06·GUT | NEW P11/F31·SOUP
20,SCALE,@sunyoon,7,1,4,NEW P01/F02·TEST | NEW P03/F15·BALANCE | 50th countdown | NEW P09/F05·SLEEP | NEW P18/F10·BEGIN | NEW P13/F18·SOUP | NEW P15/F28·BEGIN
20,SCALE,@changyin.strength,5,1,2,page library + NEW (see CONTENT_SYSTEM §8.1)
20,SCALE,@changyin.mobility,5,1,2,page library + NEW (see CONTENT_SYSTEM §8.1)
20,SCALE,@changyin.espanol,3,0,2,page library + NEW (see CONTENT_SYSTEM §8.1)
21,SCALE,@changyin,7,1,4,H173 (F17·STRONG) | H274 (F16·STRONG) | H119 (F27·STRONG) | 30-Day Balance D17 | H059 (F02·BALANCE) | H120 (F05·SLEEP) | REMIX wk3 winner
21,SCALE,@sunyoon.kitchen,7,1,4,NEW P12/F06·SOUP | NEW P10/F06·GUT | NEW P11/F31·SOUP | NEW P17/F08·BEGIN | Sun Answers #17 | NEW P12/F06·SOUP | NEW P10/F06·GUT
21,SCALE,@sunyoon,7,1,4,NEW P07/F21·BREATH | NEW P03/F15·BALANCE | 50th countdown | NEW P19/F11·STRONG | NEW P18/F10·BEGIN | REMIX wk3 winner | REPLY video (F09)
21,SCALE,@changyin.strength,5,1,2,page library + NEW (see CONTENT_SYSTEM §8.1)
21,SCALE,@changyin.mobility,5,1,2,page library + NEW (see CONTENT_SYSTEM §8.1)
21,SCALE,@changyin.espanol,3,0,2,page library + NEW (see CONTENT_SYSTEM §8.1)
22,SCALE,@changyin,7,1,4,REPLY video (F09) | H275 (F16·STRONG) | H126 (F27·STRONG) | 30-Day Balance D18 | H123 (F27·STRONG) | H128 (F33·FAMILY) | H082 (F28·BALANCE)
22,SCALE,@sunyoon.kitchen,7,1,4,REMIX wk3 winner | REPLY video (F09) | NEW P12/F06·SOUP | NEW P10/F06·GUT | Sun Answers #18 | NEW P11/F31·SOUP | NEW P13/F18·SOUP
22,SCALE,@sunyoon,7,1,4,NEW P13/F18·SOUP | NEW P19/F11·STRONG | 50th countdown | NEW P01/F02·TEST | NEW P09/F05·SLEEP | NEW P15/F28·BEGIN | NEW P07/F21·BREATH
22,SCALE,@changyin.strength,6,1,2,page library + NEW (see CONTENT_SYSTEM §8.1)
22,SCALE,@changyin.mobility,6,1,2,page library + NEW (see CONTENT_SYSTEM §8.1)
22,SCALE,@changyin.espanol,3,1,2,page library + NEW (see CONTENT_SYSTEM §8.1)
23,SCALE,@changyin,7,1,4,H175 (F05·BALANCE) | H276 (F16·BALANCE) | H131 (F15·STRONG) | 30-Day Balance D19 | H130 (F15·BALANCE) | H132 (F14·KNEES) | REMIX wk3 winner
23,SCALE,@sunyoon.kitchen,7,1,4,NEW P11/F31·SOUP | NEW P12/F06·SOUP | NEW P10/F06·GUT | NEW P13/F18·SOUP | Sun Answers #19 | NEW P11/F31·SOUP | NEW P11/F31·SOUP
23,SCALE,@sunyoon,7,1,4,NEW P01/F02·TEST | NEW P13/F18·SOUP | 50th countdown | NEW P03/F15·BALANCE | NEW P15/F28·BEGIN | REMIX wk3 winner | NEW P19/F11·STRONG
23,SCALE,@changyin.strength,6,1,2,page library + NEW (see CONTENT_SYSTEM §8.1)
23,SCALE,@changyin.mobility,6,1,2,page library + NEW (see CONTENT_SYSTEM §8.1)
23,SCALE,@changyin.espanol,3,1,2,page library + NEW (see CONTENT_SYSTEM §8.1)
24,SCALE,@changyin,7,1,4,H176 (F11·STRONG) | H277 (F16·STRONG) | H136 (F27·STRONG) | 30-Day Balance D20 | H133 (F17·BEGIN) | H137 (F22·BALANCE) | H083 (F28·STRONG)
24,SCALE,@sunyoon.kitchen,7,1,4,REMIX wk3 winner | NEW P12/F06·SOUP | NEW P11/F31·SOUP | NEW P13/F18·SOUP | Sun Answers #20 | NEW P17/F08·BEGIN | NEW P12/F06·SOUP
24,SCALE,@sunyoon,7,1,4,NEW P18/F10·BEGIN | NEW P01/F02·TEST | 50th countdown | NEW P03/F15·BALANCE | S60 (F27·BEGIN) | NEW P07/F21·BREATH | NEW P13/F18·SOUP
24,SCALE,@changyin.strength,6,1,2,page library + NEW (see CONTENT_SYSTEM §8.1)
24,SCALE,@changyin.mobility,6,1,2,page library + NEW (see CONTENT_SYSTEM §8.1)
24,SCALE,@changyin.espanol,3,1,2,page library + NEW (see CONTENT_SYSTEM §8.1)
25,SCALE,@changyin,7,1,4,H178 (F21·BREATH) | H278 (F02·TEST) | H141 (F05·SLEEP) | 30-Day Balance D21 | H140 (F14·STRONG) | H142 (F15·STRONG) | REMIX wk3 winner
25,SCALE,@sunyoon.kitchen,7,1,4,NEW P10/F06·GUT | NEW P11/F31·SOUP | NEW P13/F18·SOUP | NEW P11/F31·SOUP | Sunday Soup | NEW P10/F06·GUT | NEW P15/F28·BEGIN
25,SCALE,@sunyoon,7,1,4,NEW P19/F11·STRONG | NEW P09/F05·SLEEP | 50th countdown | NEW P15/F28·BEGIN | NEW P03/F15·BALANCE | REMIX wk3 winner | REPLY video (F09)
25,SCALE,@changyin.strength,6,1,2,page library + NEW (see CONTENT_SYSTEM §8.1)
25,SCALE,@changyin.mobility,6,1,2,page library + NEW (see CONTENT_SYSTEM §8.1)
25,SCALE,@changyin.espanol,3,1,2,page library + NEW (see CONTENT_SYSTEM §8.1)
26,SCALE,@changyin,7,1,4,REPLY video (F09) | H281 (F21·BREATH) | H146 (F14·BACK) | 30-Day Balance D22 | H145 (F15·BACK) | H148 (F11·STRONG) | H084 (F24·STRONG)
26,SCALE,@sunyoon.kitchen,7,1,4,REMIX wk3 winner | REPLY video (F09) | NEW P11/F31·SOUP | NEW P13/F18·SOUP | Sun Answers #22 | NEW P12/F06·SOUP | NEW P14/F13·STRONG
26,SCALE,@sunyoon,7,1,4,NEW P07/F21·BREATH | NEW P16/F07·BEGIN | 50th countdown | NEW P16/F07·BEGIN | NEW P13/F18·SOUP | NEW P01/F02·TEST | NEW P15/F28·BEGIN
26,SCALE,@changyin.strength,6,1,2,page library + NEW (see CONTENT_SYSTEM §8.1)
26,SCALE,@changyin.mobility,6,1,2,page library + NEW (see CONTENT_SYSTEM §8.1)
26,SCALE,@changyin.espanol,3,1,2,page library + NEW (see CONTENT_SYSTEM §8.1)
27,SCALE,@changyin,7,1,4,H179 (F14·SLEEP) | H282 (F16·STRONG) | H086 (F28·BREATH) | 30-Day Balance D23 | H149 (F27·BEGIN) | H088 (F28·KNEES) | REMIX wk4 winner
27,SCALE,@sunyoon.kitchen,7,1,4,NEW P10/F06·GUT | NEW P11/F31·SOUP | NEW P12/F06·SOUP | NEW P10/F06·GUT | Sun Answers #23 | NEW P15/F28·BEGIN | NEW P13/F18·SOUP
27,SCALE,@sunyoon,7,1,4,NEW P03/F15·BALANCE | NEW P18/F10·BEGIN | 50th countdown | NEW P19/F11·STRONG | NEW P16/F07·BEGIN | REMIX wk4 winner | NEW P09/F05·SLEEP
27,SCALE,@changyin.strength,6,1,2,page library + NEW (see CONTENT_SYSTEM §8.1)
27,SCALE,@changyin.mobility,6,1,2,page library + NEW (see CONTENT_SYSTEM §8.1)
27,SCALE,@changyin.espanol,3,1,2,page library + NEW (see CONTENT_SYSTEM §8.1)
28,SCALE,@changyin,7,1,4,H089 (F16·TEST) | NEW (growth engine: winner remix / idea miner) | NEW (growth engine: winner remix / idea miner) | NEW (growth engine: winner remix / idea miner) | NEW (growth engine: winner remix / idea miner) | NEW (growth engine: winner remix / idea miner) | NEW (growth engine: winner remix / idea miner)
28,SCALE,@sunyoon.kitchen,7,1,4,REMIX wk4 winner | NEW P11/F31·SOUP | NEW (growth engine: winner remix / idea miner) | NEW (growth engine: winner remix / idea miner) | NEW (growth engine: winner remix / idea miner) | NEW (growth engine: winner remix / idea miner) | NEW (growth engine: winner remix / idea miner)
28,SCALE,@sunyoon,7,1,4,NEW (growth engine: winner remix / idea miner) | NEW (growth engine: winner remix / idea miner) | NEW (growth engine: winner remix / idea miner) | NEW (growth engine: winner remix / idea miner) | NEW (growth engine: winner remix / idea miner) | NEW (growth engine: winner remix / idea miner) | NEW (growth engine: winner remix / idea miner)
28,SCALE,@changyin.strength,6,1,2,page library + NEW (see CONTENT_SYSTEM §8.1)
28,SCALE,@changyin.mobility,6,1,2,page library + NEW (see CONTENT_SYSTEM §8.1)
28,SCALE,@changyin.espanol,3,1,2,page library + NEW (see CONTENT_SYSTEM §8.1)
29,SCALE,@changyin,7,1,4,NEW (growth engine: winner remix / idea miner) | NEW (growth engine: winner remix / idea miner) | NEW (growth engine: winner remix / idea miner) | NEW (growth engine: winner remix / idea miner) | NEW (growth engine: winner remix / idea miner) | NEW (growth engine: winner remix / idea miner) | NEW (growth engine: winner remix / idea miner)
29,SCALE,@sunyoon.kitchen,7,1,4,NEW (growth engine: winner remix / idea miner) | NEW (growth engine: winner remix / idea miner) | NEW (growth engine: winner remix / idea miner) | NEW (growth engine: winner remix / idea miner) | NEW (growth engine: winner remix / idea miner) | NEW (growth engine: winner remix / idea miner) | NEW (growth engine: winner remix / idea miner)
29,SCALE,@sunyoon,7,1,4,NEW (growth engine: winner remix / idea miner) | NEW (growth engine: winner remix / idea miner) | NEW (growth engine: winner remix / idea miner) | NEW (growth engine: winner remix / idea miner) | NEW (growth engine: winner remix / idea miner) | NEW (growth engine: winner remix / idea miner) | NEW (growth engine: winner remix / idea miner)
29,SCALE,@changyin.strength,6,1,2,page library + NEW (see CONTENT_SYSTEM §8.1)
29,SCALE,@changyin.mobility,6,1,2,page library + NEW (see CONTENT_SYSTEM §8.1)
29,SCALE,@changyin.espanol,3,1,2,page library + NEW (see CONTENT_SYSTEM §8.1)
30,SCALE,@changyin,7,1,4,NEW (growth engine: winner remix / idea miner) | NEW (growth engine: winner remix / idea miner) | NEW (growth engine: winner remix / idea miner) | NEW (growth engine: winner remix / idea miner) | NEW (growth engine: winner remix / idea miner) | NEW (growth engine: winner remix / idea miner) | NEW (growth engine: winner remix / idea miner)
30,SCALE,@sunyoon.kitchen,7,1,4,NEW (growth engine: winner remix / idea miner) | NEW (growth engine: winner remix / idea miner) | NEW (growth engine: winner remix / idea miner) | NEW (growth engine: winner remix / idea miner) | NEW (growth engine: winner remix / idea miner) | NEW (growth engine: winner remix / idea miner) | NEW (growth engine: winner remix / idea miner)
30,SCALE,@sunyoon,7,1,4,NEW (growth engine: winner remix / idea miner) | NEW (growth engine: winner remix / idea miner) | NEW (growth engine: winner remix / idea miner) | NEW (growth engine: winner remix / idea miner) | NEW (growth engine: winner remix / idea miner) | NEW (growth engine: winner remix / idea miner) | NEW (growth engine: winner remix / idea miner)
30,SCALE,@changyin.strength,6,1,2,page library + NEW (see CONTENT_SYSTEM §8.1)
30,SCALE,@changyin.mobility,6,1,2,page library + NEW (see CONTENT_SYSTEM §8.1)
30,SCALE,@changyin.espanol,3,1,2,page library + NEW (see CONTENT_SYSTEM §8.1)
