script_id,written_for_group,plan_group,moved
S191,UG-CY--05-1,UG-CY--05-1,n
S192,UG-CY--05-2,UG-CY--05-2,n
S193,UG-CY--05-3,UG-CY--05-3,n
S194,UG-CY--04-1,UG-CY--04-1,n
S195,UG-CY--04-2,UG-CY--04-2,n
S196,UG-CY--04-3,UG-CY--04-3,n
S197,UG-CY--04-4,UG-CY--04-4,n
S198,UG-CY--04-5,UG-CY--04-5,n
S199,UG-CS--04-5,UG-CS--04-5,n
S200,UG-CY--03-1,UG-CY--03-1,n
S201,UG-CY--03-2,UG-CY--03-2,n
S202,UG-CY--03-3,UG-CY--03-3,n
S203,UG-CY--03-4,UG-CY--03-4,n
S204,UG-CY--03-5,UG-CY--03-5,n
S205,UG-CS--03-2,UG-CS--03-2,n
S206,UG-CS--03-3,UG-CS--03-3,n
S207,UG-CS--03-4,UG-CS--03-4,n
S208,UG-CS--03-5,UG-CS--03-5,n
S209,UG-CS--01-4,UG-CS--01-4,n
S210,UG-CS--01-5,UG-CS--01-5,n
S211,UG-CS-+00-5,UG-CS-+00-5,n
S212,UG-CS-+00-6,UG-CS-+00-6,n
S213,UG-CS-+01-5,UG-CS-+01-5,n
S214,UG-CS-+01-6,UG-CS-+18-1,y
S215,UG-SK-+02-5,UG-SK-+02-5,n
S216,UG-SK-+02-6,UG-SK-+02-6,n
S217,UG-CS-+02-5,UG-CS-+02-5,n
S218,UG-CS-+02-6,UG-CS-+02-6,n
S219,UG-SK-+03-2,UG-SK-+03-2,n
S220,UG-SK-+03-3,UG-SK-+03-3,n
S221,UG-SK-+03-4,UG-SK-+03-4,n
S222,UG-SK-+03-5,UG-SK-+03-5,n
S223,UG-SK-+03-6,UG-SK-+03-6,n
S224,UG-CS-+03-5,UG-CS-+03-5,n
S225,UG-CS-+03-6,UG-CS-+19-1,y
S226,UG-SK-+04-1,UG-SK-+04-1,n
S227,UG-SK-+04-2,UG-SK-+04-2,n
S228,UG-SK-+04-3,UG-SK-+09-3,y
S229,UG-SK-+04-4,UG-SK-+09-4,y
S230,UG-SK-+04-5,UG-SK-+04-5,n
S231,UG-SK-+04-6,UG-SK-+12-1,y
S232,UG-CS-+04-2,UG-CS-+04-2,n
S233,UG-CS-+04-3,UG-CS-+04-3,n
S234,UG-CS-+04-4,UG-CS-+04-4,n
S235,UG-CS-+04-5,UG-CS-+04-5,n
S236,UG-CS-+04-6,UG-CS-+04-6,n
S237,UG-CY-+05-1,UG-CY-+05-1,n
S238,UG-CY-+05-2,UG-CY-+35-1,y
S239,UG-CY-+05-3,UG-CY-+05-3,n
S240,UG-CY-+05-4,UG-CY-+05-4,n
S241,UG-CY-+05-5,UG-CY-+05-5,n
S242,UG-CY-+05-6,UG-CY-+05-6,n
S243,UG-SK-+05-1,UG-SK-+05-1,n
S244,UG-SK-+05-2,UG-SK-+05-2,n
S245,UG-SK-+05-3,UG-SK-+10-2,y
S246,UG-SK-+05-4,UG-SK-+10-3,y
S247,UG-SK-+05-5,UG-SK-+05-5,n
S248,UG-SK-+05-6,UG-SK-+05-6,n
S249,UG-CS-+05-1,UG-CS-+05-1,n
S250,UG-CS-+05-2,UG-CS-+05-2,n
S251,UG-CS-+05-3,UG-CS-+05-3,n
S252,UG-CS-+05-4,UG-CS-+05-4,n
S253,UG-CS-+05-5,UG-CS-+05-5,n
S254,UG-CS-+05-6,UG-CS-+05-6,n
S255,UG-CY-+06-2,UG-CY-+06-2,n
S256,UG-CY-+06-3,UG-CY-+06-3,n
S257,UG-CY-+06-4,UG-CY-+36-1,y
S258,UG-CY-+06-5,UG-CY-+37-1,y
S259,UG-CY-+06-6,UG-CY-+06-6,n
S260,UG-SK-+06-1,UG-SK-+06-1,n
S261,UG-SK-+06-2,UG-SK-+06-2,n
S262,UG-SK-+06-3,UG-SK-+11-2,y
S263,UG-SK-+06-4,UG-SK-+11-3,y
S264,UG-SK-+06-5,UG-SK-+12-2,y
S265,UG-SK-+06-6,UG-SK-+12-3,y
S266,UG-CS-+06-1,UG-CS-+06-1,n
S267,UG-CS-+06-2,UG-CS-+06-2,n
S268,UG-CS-+06-3,UG-CS-+06-3,n
S269,UG-CS-+06-4,UG-CS-+06-4,n
S270,UG-CS-+06-5,UG-CS-+06-5,n
S271,UG-CS-+06-6,UG-CS-+06-6,n
S272,UG-CY-+07-2,UG-CY-+07-2,n
S273,UG-CY-+07-3,UG-CY-+07-3,n
S274,UG-CY-+07-4,UG-CY-+38-1,y
S275,UG-CY-+07-5,UG-CY-+39-1,y
S276,UG-CY-+07-6,UG-CY-+07-6,n
S277,UG-CY-+07-7,UG-CY-+07-1,y
S278,UG-SK-+07-1,UG-SK-+07-1,n
S279,UG-SK-+07-2,UG-SK-+07-2,n
S280,UG-SK-+07-3,UG-SK-+13-1,y
S281,UG-SK-+07-4,UG-SK-+13-2,y
S282,UG-SK-+07-5,UG-SK-+07-5,n
S283,UG-SK-+07-6,UG-SK-+07-6,n
S284,UG-SK-+07-7,UG-SK-+07-4,y
S285,UG-CS-+07-1,UG-CS-+07-1,n
S286,UG-CS-+07-2,UG-CS-+07-2,n
S287,UG-CS-+07-3,UG-CS-+07-3,n
S288,UG-CS-+07-4,UG-CS-+07-4,n
S289,UG-CS-+07-5,UG-CS-+07-5,n
S290,UG-CS-+07-6,UG-CS-+07-6,n
S291,UG-CS-+07-7,UG-CS-+08-3,y
