month,scenario,subscribers,MRR
1,organic_only,110,1989.66
2,organic_only,320,5763.4
3,organic_only,632,11319.28
4,organic_only,1113,19852.8
5,organic_only,1871,33311.39
6,organic_only,2657,47111.08
7,organic_only,3339,58892.49
8,organic_only,3944,69204.3
9,organic_only,4501,78617.29
10,organic_only,5025,87404.08
11,organic_only,5526,95743.78
12,organic_only,6007,103720.07
13,organic_only,6449,111019.64
14,organic_only,6845,117566.66
15,organic_only,7199,123432.48
16,organic_only,7508,128626.29
17,organic_only,7764,133090.58
18,organic_only,7983,136988.9
1,organic_plus_moderate_paid,349,6315.63
2,organic_plus_moderate_paid,1109,19963.14
3,organic_plus_moderate_paid,2175,38927.14
4,organic_plus_moderate_paid,3543,63141.88
5,organic_plus_moderate_paid,5302,94152.81
6,organic_plus_moderate_paid,7189,127148.57
7,organic_plus_moderate_paid,9063,159630.4
8,organic_plus_moderate_paid,10804,189454.16
9,organic_plus_moderate_paid,12389,216321.87
10,organic_plus_moderate_paid,13866,241127.02
11,organic_plus_moderate_paid,15267,264496.09
12,organic_plus_moderate_paid,16609,286730.28
13,organic_plus_moderate_paid,17861,307483.79
14,organic_plus_moderate_paid,19009,326640.43
15,organic_plus_moderate_paid,20061,344324.91
16,organic_plus_moderate_paid,21019,360605.91
17,organic_plus_moderate_paid,21879,375466.85
18,organic_plus_moderate_paid,22657,389104.78
1,aggressive_paid,1861,33668.16
2,aggressive_paid,5529,99444.67
3,aggressive_paid,9374,167493.32
4,aggressive_paid,13094,232560.09
5,aggressive_paid,17018,300762.98
6,aggressive_paid,20981,369163.34
7,aggressive_paid,24668,432106.61
8,aggressive_paid,28059,489407.57
9,aggressive_paid,30787,534523.68
10,aggressive_paid,33204,574015.9
11,aggressive_paid,35597,613113.81
12,aggressive_paid,37962,651656.07
13,aggressive_paid,40124,687557.78
14,aggressive_paid,42032,720188.55
15,aggressive_paid,43767,750351.05
16,aggressive_paid,45371,778451.81
17,aggressive_paid,46838,804491.7
18,aggressive_paid,48186,828680.46
