n,time,id,exercise,name,version,what_to_perform,setup,equipment,set_for_blocking,clip_seconds,form_check,front,45deg,side,notes
1,08:45,DRV-wall_pushup-main,wall_pushup,Wall push-up,main,"Bend your elbows and bring your chest toward the wall. Elbows point back at an angle, not straight out. Push the wall away until your arms are straight.","Stand arm's length from a wall. Hands on the wall at shoulder height, a little wider than your shoulders. Shoes on, non-slip floor.",A clear wall,SET-GARAGE,10–20,"M-08: knees over toes, neutral spine on hinges, chair against wall, shoes on, no rugs",,,,
2,08:47,DRV-wall_pushup-harder,wall_pushup,Wall push-up,harder,"Step your feet farther back. When 15 are easy, move to counter push-ups.","Stand arm's length from a wall. Hands on the wall at shoulder height, a little wider than your shoulders. Shoes on, non-slip floor.",A clear wall,SET-GARAGE,10–20,"M-08: knees over toes, neutral spine on hinges, chair against wall, shoes on, no rugs",,,,
3,08:49,DRV-wall_slide-easier,wall_slide,Wall slides,easier,Face the wall and walk your fingertips up it instead.,"Stand with your back against a wall, feet a few inches out. Forearms on the wall in a goalpost shape, elbows bent.",A clear wall,SET-GARAGE,10–20,"M-08: knees over toes, neutral spine on hinges, chair against wall, shoes on, no rugs",,,,
4,08:51,DRV-wall_slide-main,wall_slide,Wall slides,main,Slide your arms up the wall only as far as comfortable. Slide back down to the goalpost.,"Stand with your back against a wall, feet a few inches out. Forearms on the wall in a goalpost shape, elbows bent.",A clear wall,SET-GARAGE,10–20,"M-08: knees over toes, neutral spine on hinges, chair against wall, shoes on, no rugs",,,,
5,08:53,DRV-wall_slide-harder,wall_slide,Wall slides,harder,Hold for two seconds at the top.,"Stand with your back against a wall, feet a few inches out. Forearms on the wall in a goalpost shape, elbows bent.",A clear wall,SET-GARAGE,10–20,"M-08: knees over toes, neutral spine on hinges, chair against wall, shoes on, no rugs",,,,
6,08:55,DRV-wall_sit_high-main,wall_sit_high,High wall sit,main,"Slide your back down the wall just a few inches, a quarter of the way to sitting. Hold, with your weight in your heels. Slide back up to finish.","Stand with your back flat against a wall, feet about 1.5 feet (a forearm's length) in front of you, hip-width apart. A chair is beside you in case you want to sit.",A clear wall; chair beside you,SET-GARAGE,10–20,"M-08: knees over toes, neutral spine on hinges, chair against wall, shoes on, no rugs",,,,
7,08:57,DRV-wall_sit_high-harder,wall_sit_high,High wall sit,harder,"Slide a little lower (never below where your knees are bent to a right angle), or hold up to 30 seconds.","Stand with your back flat against a wall, feet about 1.5 feet (a forearm's length) in front of you, hip-width apart. A chair is beside you in case you want to sit.",A clear wall; chair beside you,SET-GARAGE,10–20,"M-08: knees over toes, neutral spine on hinges, chair against wall, shoes on, no rugs",,,,
8,08:59,DRV-towel_row-main,towel_row,Seated towel pull-apart,main,"Pull your hands apart as hard as you can, like stretching the towel. At the same time, squeeze your shoulder blades together and down. Hold three seconds, relax.","Sturdy chair with no wheels and no arms (unless the easier version uses arms), pushed back against a wall so it cannot slide. Sit tall. Hold a hand towel in front of your chest with both hands, arms straight.",A hand towel; sturdy chair against a wall,SET-GARAGE,10–20,"M-08: knees over toes, neutral spine on hinges, chair against wall, shoes on, no rugs",,,,
9,09:01,DRV-suitcase_lift-easier,suitcase_lift,Suitcase lift (one-hand hinge),easier,"A lighter jug, and lift it from a higher surface like the counter's edge of a table.",Stand beside a chair with a jug on the seat next to your right foot. Left hand can rest on the counter.,A jug or bag; sturdy chair against a wall; counter,SET-GARAGE,10–20,"M-08: knees over toes, neutral spine on hinges, chair against wall, shoes on, no rugs",,,,
10,09:03,DRV-suitcase_lift-main,suitcase_lift,Suitcase lift (one-hand hinge),main,"Push your hips back with a long back and bend your knees a little. Grip the jug handle and stand up tall, squeezing your buttocks. Lower it back to the seat the same way. Do all reps, then switch sides.",Stand beside a chair with a jug on the seat next to your right foot. Left hand can rest on the counter.,A jug or bag; sturdy chair against a wall; counter,SET-GARAGE,10–20,"M-08: knees over toes, neutral spine on hinges, chair against wall, shoes on, no rugs",,,,
11,09:05,DRV-suitcase_lift-harder,suitcase_lift,Suitcase lift (one-hand hinge),harder,"A heavier bag, or lift from the bottom step instead of the chair.",Stand beside a chair with a jug on the seat next to your right foot. Left hand can rest on the counter.,A jug or bag; sturdy chair against a wall; counter,SET-GARAGE,10–20,"M-08: knees over toes, neutral spine on hinges, chair against wall, shoes on, no rugs",,,,
12,09:07,DRV-towel_wring-easier,towel_wring,Towel wring (grip),easier,Squeeze a soft ball or rolled sock instead.,"Sit or stand. Hold a rolled hand towel with both hands in front of you, like a bicycle handlebar.",A small towel,SET-GARAGE,10–20,"M-08: knees over toes, neutral spine on hinges, chair against wall, shoes on, no rugs",,,,
13,09:09,DRV-towel_wring-main,towel_wring,Towel wring (grip),main,"Wring the towel hard, like squeezing out water: right hand one way, left hand the other. Hold three seconds. Switch directions.","Sit or stand. Hold a rolled hand towel with both hands in front of you, like a bicycle handlebar.",A small towel,SET-GARAGE,10–20,"M-08: knees over toes, neutral spine on hinges, chair against wall, shoes on, no rugs",,,,
14,09:11,DRV-towel_wring-harder,towel_wring,Towel wring (grip),harder,"Use a damp towel, or hold each wring for five seconds.","Sit or stand. Hold a rolled hand towel with both hands in front of you, like a bicycle handlebar.",A small towel,SET-GARAGE,10–20,"M-08: knees over toes, neutral spine on hinges, chair against wall, shoes on, no rugs",,,,
15,09:13,DRV-chest_lift-easier,chest_lift,Seated chest lift,easier,Smaller lift.,"Sit near the front of the seat, feet flat, hands resting on your thighs.",Chair,SET-GARAGE,10–20,"M-08: knees over toes, neutral spine on hinges, chair against wall, shoes on, no rugs",,,,
16,09:15,DRV-chest_lift-main,chest_lift,Seated chest lift,main,"Lift your chest up toward the ceiling, growing tall. Gently squeeze your shoulder blades back. Relax without slumping.","Sit near the front of the seat, feet flat, hands resting on your thighs.",Chair,SET-GARAGE,10–20,"M-08: knees over toes, neutral spine on hinges, chair against wall, shoes on, no rugs",,,,
17,09:17,DRV-chest_lift-harder,chest_lift,Seated chest lift,harder,Hold three seconds at the top.,"Sit near the front of the seat, feet flat, hands resting on your thighs.",Chair,SET-GARAGE,10–20,"M-08: knees over toes, neutral spine on hinges, chair against wall, shoes on, no rugs",,,,
18,09:19,DRV-figure4-easier,figure4,Seated hip stretch (figure-4),easier,"Rest the ankle on your shin instead of your knee, or skip crossing and just let the knee drop out a little.","Sturdy chair with no wheels and no arms (unless the easier version uses arms), pushed back against a wall so it cannot slide. Sit tall.",Chair,SET-GARAGE,10–20,"M-08: knees over toes, neutral spine on hinges, chair against wall, shoes on, no rugs",,,,
19,09:21,DRV-figure4-main,figure4,Seated hip stretch (figure-4),main,"Rest your right ankle on your left knee, or as close as you can. Sit tall and let the right knee relax down. For more, hinge forward a little with a long back. Hold. Switch.","Sturdy chair with no wheels and no arms (unless the easier version uses arms), pushed back against a wall so it cannot slide. Sit tall.",Chair,SET-GARAGE,10–20,"M-08: knees over toes, neutral spine on hinges, chair against wall, shoes on, no rugs",,,,
20,09:23,DRV-figure4-harder,figure4,Seated hip stretch (figure-4),harder,Hinge forward a little farther with a long back.,"Sturdy chair with no wheels and no arms (unless the easier version uses arms), pushed back against a wall so it cannot slide. Sit tall.",Chair,SET-GARAGE,10–20,"M-08: knees over toes, neutral spine on hinges, chair against wall, shoes on, no rugs",,,,
21,09:25,DRV-hamstring_seated-easier,hamstring_seated,Seated hamstring stretch (long back),easier,Lean only an inch or two.,"Sturdy chair with no wheels and no arms (unless the easier version uses arms), pushed back against a wall so it cannot slide. Sit near the front edge. Straighten one leg in front of you, heel on the floor, toes up.",Chair,SET-GARAGE,10–20,"M-08: knees over toes, neutral spine on hinges, chair against wall, shoes on, no rugs",,,,
22,09:27,DRV-hamstring_seated-main,hamstring_seated,Seated hamstring stretch (long back),main,"Sit tall, hands on your bent knee. Hinge forward from your hips with a long, flat back until you feel a stretch behind the straight knee. Hold. Switch legs.","Sturdy chair with no wheels and no arms (unless the easier version uses arms), pushed back against a wall so it cannot slide. Sit near the front edge. Straighten one leg in front of you, heel on the floor, toes up.",Chair,SET-GARAGE,10–20,"M-08: knees over toes, neutral spine on hinges, chair against wall, shoes on, no rugs",,,,
23,09:29,DRV-hamstring_seated-harder,hamstring_seated,Seated hamstring stretch (long back),harder,Pull your toes toward you a little more.,"Sturdy chair with no wheels and no arms (unless the easier version uses arms), pushed back against a wall so it cannot slide. Sit near the front edge. Straighten one leg in front of you, heel on the floor, toes up.",Chair,SET-GARAGE,10–20,"M-08: knees over toes, neutral spine on hinges, chair against wall, shoes on, no rugs",,,,
24,09:31,DRV-neck_nods-easier,neck_nods,Neck nods and half-turns,easier,Make the movement even smaller.,Sit tall.,Chair,SET-GARAGE,10–20,"M-08: knees over toes, neutral spine on hinges, chair against wall, shoes on, no rugs",,,,
25,09:33,DRV-neck_nods-main,neck_nods,Neck nods and half-turns,main,"Slowly nod yes: look a little down, then back to level. Slowly turn your head to the right, only as far as comfortable. Back to center. Turn to the left. Back to center.",Sit tall.,Chair,SET-GARAGE,10–20,"M-08: knees over toes, neutral spine on hinges, chair against wall, shoes on, no rugs",,,,
26,09:45,DRV-neck_nods-harder,neck_nods,Neck nods and half-turns,harder,"Add a chin tuck: gently slide your chin straight back, making a double chin, hold two seconds.",Sit tall.,Chair,SET-GARAGE,10–20,"M-08: knees over toes, neutral spine on hinges, chair against wall, shoes on, no rugs",,,,
27,09:47,DRV-seated_rotation-easier,seated_rotation,Gentle seated turn,easier,Smaller turns.,"Sit tall, feet flat. Cross your arms over your chest.",Chair,SET-GARAGE,10–20,"M-08: knees over toes, neutral spine on hinges, chair against wall, shoes on, no rugs",,,,
28,09:49,DRV-seated_rotation-main,seated_rotation,Gentle seated turn,main,"Turn your chest to the right, only as far as comfortable. Eyes follow. Return to center. Turn to the left.","Sit tall, feet flat. Cross your arms over your chest.",Chair,SET-GARAGE,10–20,"M-08: knees over toes, neutral spine on hinges, chair against wall, shoes on, no rugs",,,,
29,09:51,DRV-seated_rotation-harder,seated_rotation,Gentle seated turn,harder,Place one hand on the opposite knee as a light guide. Never pull into the turn.,"Sit tall, feet flat. Cross your arms over your chest.",Chair,SET-GARAGE,10–20,"M-08: knees over toes, neutral spine on hinges, chair against wall, shoes on, no rugs",,,,
30,09:53,DRV-shoulder_rolls-main,shoulder_rolls,Shoulder rolls,main,Lift your shoulders up toward your ears. Roll them back and down. Relax. Repeat.,Sit or stand tall.,Chair,SET-GARAGE,10–20,"M-08: knees over toes, neutral spine on hinges, chair against wall, shoes on, no rugs",,,,
31,09:55,DRV-shoulder_rolls-harder,shoulder_rolls,Shoulder rolls,harder,"Add arm circles: small circles out to the sides, forward and back.",Sit or stand tall.,Chair,SET-GARAGE,10–20,"M-08: knees over toes, neutral spine on hinges, chair against wall, shoes on, no rugs",,,,
32,09:57,DRV-ankle_pumps-main,ankle_pumps,Ankle pumps and circles,main,"Point your toes away, then pull them toward you. That's one pump. Then draw slow circles with your feet, both directions.",Sit tall in your chair (or lie on your bed).,Chair or bed,SET-GARAGE,10–20,"M-08: knees over toes, neutral spine on hinges, chair against wall, shoes on, no rugs",,,,
33,09:59,DRV-ankle_pumps-harder,ankle_pumps,Ankle pumps and circles,harder,Lift one foot off the floor while you circle.,Sit tall in your chair (or lie on your bed).,Chair or bed,SET-GARAGE,10–20,"M-08: knees over toes, neutral spine on hinges, chair against wall, shoes on, no rugs",,,,
34,10:01,DRV-chin_tuck-easier,chin_tuck,Chin tuck,easier,"Smaller movement, one-second hold.","Sit or stand tall, back of the head near a wall if you like.",Chair or wall,SET-GARAGE,10–20,"M-08: knees over toes, neutral spine on hinges, chair against wall, shoes on, no rugs",,,,
35,10:03,DRV-chin_tuck-main,chin_tuck,Chin tuck,main,"Slide your chin straight back, making a double chin. Keep your eyes level. Hold two seconds. Relax.","Sit or stand tall, back of the head near a wall if you like.",Chair or wall,SET-GARAGE,10–20,"M-08: knees over toes, neutral spine on hinges, chair against wall, shoes on, no rugs",,,,
36,10:05,DRV-chin_tuck-harder,chin_tuck,Chin tuck,harder,Hold five seconds.,"Sit or stand tall, back of the head near a wall if you like.",Chair or wall,SET-GARAGE,10–20,"M-08: knees over toes, neutral spine on hinges, chair against wall, shoes on, no rugs",,,,
37,10:07,DRV-big_steps-easier,big_steps,Big-step walking drill,easier,"Normal-length steps, hand on the counter.",Stand at one end of a hallway or the counter. One hand can trail along the wall or counter.,Hallway or along the counter,SET-GARAGE,10–20,"M-08: knees over toes, neutral spine on hinges, chair against wall, shoes on, no rugs",,,,
38,10:09,DRV-big_steps-main,big_steps,Big-step walking drill,main,"Walk 10 steps a little longer than your normal step. Land on your heel, roll through, push off your toes. Swing your arms. Turn carefully, walk back normally.",Stand at one end of a hallway or the counter. One hand can trail along the wall or counter.,Hallway or along the counter,SET-GARAGE,10–20,"M-08: knees over toes, neutral spine on hinges, chair against wall, shoes on, no rugs",,,,
39,10:11,DRV-big_steps-harder,big_steps,Big-step walking drill,harder,"20 steps, a little faster.",Stand at one end of a hallway or the counter. One hand can trail along the wall or counter.,Hallway or along the counter,SET-GARAGE,10–20,"M-08: knees over toes, neutral spine on hinges, chair against wall, shoes on, no rugs",,,,
40,10:13,DRV-clock_reach-easier,clock_reach,Clock reach,easier,"Smaller reaches, and only to the front and side.","Stand side-on to the counter, near hand resting on it. Imagine you're standing in the middle of a clock.",Kitchen counter,SET-GARAGE,10–20,"M-08: knees over toes, neutral spine on hinges, chair against wall, shoes on, no rugs",,,,
41,10:15,DRV-clock_reach-main,clock_reach,Clock reach,main,"Reach your free arm forward to 12 o'clock. Back to center. Reach out to the side, 3 o'clock. Back to center. Reach gently behind, only as far as comfortable. Back to center. Turn around and repeat with the other arm.","Stand side-on to the counter, near hand resting on it. Imagine you're standing in the middle of a clock.",Kitchen counter,SET-GARAGE,10–20,"M-08: knees over toes, neutral spine on hinges, chair against wall, shoes on, no rugs",,,,
42,10:17,DRV-clock_reach-harder,clock_reach,Clock reach,harder,"Stand on one foot while you reach to 12 o'clock, holding the counter.","Stand side-on to the counter, near hand resting on it. Imagine you're standing in the middle of a clock.",Kitchen counter,SET-GARAGE,10–20,"M-08: knees over toes, neutral spine on hinges, chair against wall, shoes on, no rugs",,,,
43,10:19,DRV-counter_side_plank-easier,counter_side_plank,Side lean at the counter,easier,"Stand closer to the counter, or hold for 5 seconds.","Stand side-on to the counter, about a foot away. Put your forearm on the counter edge.",Kitchen counter,SET-GARAGE,10–20,"M-08: knees over toes, neutral spine on hinges, chair against wall, shoes on, no rugs",,,,
44,10:21,DRV-counter_side_plank-main,counter_side_plank,Side lean at the counter,main,"Lean your body into your forearm in a straight line, feet together. Hold, keeping your hips from sagging. Stand up tall. Switch sides.","Stand side-on to the counter, about a foot away. Put your forearm on the counter edge.",Kitchen counter,SET-GARAGE,10–20,"M-08: knees over toes, neutral spine on hinges, chair against wall, shoes on, no rugs",,,,
45,10:23,DRV-counter_side_plank-harder,counter_side_plank,Side lean at the counter,harder,"Step farther away, or hold up to 20 seconds.","Stand side-on to the counter, about a foot away. Put your forearm on the counter edge.",Kitchen counter,SET-GARAGE,10–20,"M-08: knees over toes, neutral spine on hinges, chair against wall, shoes on, no rugs",,,,
46,10:25,DRV-heel_drop-easier,heel_drop,"Heel raise and gentle drop (baduanjin piece 8, modified)",easier,"Heel raise with a slow lower, no drop.","Stand facing the counter, hands on it.",Kitchen counter,SET-GARAGE,10–20,"M-08: knees over toes, neutral spine on hinges, chair against wall, shoes on, no rugs",,,,
47,10:27,DRV-heel_drop-main,heel_drop,"Heel raise and gentle drop (baduanjin piece 8, modified)",main,"Rise up onto your toes. Lower your heels quickly but gently to the floor, like a soft bump. Or simply lower slowly, which is the version most people should use.","Stand facing the counter, hands on it.",Kitchen counter,SET-GARAGE,10–20,"M-08: knees over toes, neutral spine on hinges, chair against wall, shoes on, no rugs",,,,
48,10:29,DRV-heel_drop-harder,heel_drop,"Heel raise and gentle drop (baduanjin piece 8, modified)",harder,Ten gentle drops.,"Stand facing the counter, hands on it.",Kitchen counter,SET-GARAGE,10–20,"M-08: knees over toes, neutral spine on hinges, chair against wall, shoes on, no rugs",,,,
49,10:31,DRV-heel_raise-easier,heel_raise,Heel raises at the counter,easier,"Sit in your chair and raise your heels from there, or hold the counter with both hands and rise only halfway.","Stand facing your kitchen counter, both hands resting on it, feet hip-width apart.",Kitchen counter,SET-GARAGE,10–20,"M-08: knees over toes, neutral spine on hinges, chair against wall, shoes on, no rugs",,,,
50,10:33,DRV-heel_raise-main,heel_raise,Heel raises at the counter,main,"Rise up onto the balls of your feet, as high as is comfortable. Pause one second at the top. Lower your heels slowly for a count of three.","Stand facing your kitchen counter, both hands resting on it, feet hip-width apart.",Kitchen counter,SET-GARAGE,10–20,"M-08: knees over toes, neutral spine on hinges, chair against wall, shoes on, no rugs",,,,
51,10:45,DRV-heel_raise-harder,heel_raise,Heel raises at the counter,harder,"One hand on the counter. Later: one leg at a time, with both hands on the counter.","Stand facing your kitchen counter, both hands resting on it, feet hip-width apart.",Kitchen counter,SET-GARAGE,10–20,"M-08: knees over toes, neutral spine on hinges, chair against wall, shoes on, no rugs",,,,
52,10:47,DRV-heel_toe_walk-easier,heel_toe_walk,Heel-to-toe walk along the counter,easier,"Walk with your feet slightly apart, not touching, holding the counter.","Stand at one end of the counter, one hand resting on it. Clear floor, shoes on.",Kitchen counter,SET-GARAGE,10–20,"M-08: knees over toes, neutral spine on hinges, chair against wall, shoes on, no rugs",,,,
53,10:49,DRV-heel_toe_walk-main,heel_toe_walk,Heel-to-toe walk along the counter,main,"Step forward, placing your heel directly in front of the toes of the other foot. Take 10 steps along the counter. Turn carefully and walk back.","Stand at one end of the counter, one hand resting on it. Clear floor, shoes on.",Kitchen counter,SET-GARAGE,10–20,"M-08: knees over toes, neutral spine on hinges, chair against wall, shoes on, no rugs",,,,
54,10:51,DRV-heel_toe_walk-harder,heel_toe_walk,Heel-to-toe walk along the counter,harder,Let your hand hover above the counter. Later: walk backward along the counter with one hand resting on it (normal steps).,"Stand at one end of the counter, one hand resting on it. Clear floor, shoes on.",Kitchen counter,SET-GARAGE,10–20,"M-08: knees over toes, neutral spine on hinges, chair against wall, shoes on, no rugs",,,,
55,10:53,DRV-heel_walk-easier,heel_walk,Heel walk along the counter,easier,"Toe lifts in place, holding the counter.","Stand at one end of the counter, one hand resting on it.",Kitchen counter,SET-GARAGE,10–20,"M-08: knees over toes, neutral spine on hinges, chair against wall, shoes on, no rugs",,,,
56,10:55,DRV-heel_walk-main,heel_walk,Heel walk along the counter,main,"Lift your toes and walk on your heels, 10 small steps. Turn carefully, walk back.","Stand at one end of the counter, one hand resting on it.",Kitchen counter,SET-GARAGE,10–20,"M-08: knees over toes, neutral spine on hinges, chair against wall, shoes on, no rugs",,,,
57,10:57,DRV-hip_flexor-easier,hip_flexor,Standing hip-front stretch,easier,Smaller step.,"Stand side-on to the counter, near hand on it. Step one foot back into a small split stance.",Kitchen counter,SET-GARAGE,10–20,"M-08: knees over toes, neutral spine on hinges, chair against wall, shoes on, no rugs",,,,
58,10:59,DRV-hip_flexor-main,hip_flexor,Standing hip-front stretch,main,"Tuck your tailbone under slightly and squeeze the buttock of the back leg. Shift your hips forward a little until you feel a gentle stretch at the front of the back hip. Hold, then switch sides.","Stand side-on to the counter, near hand on it. Step one foot back into a small split stance.",Kitchen counter,SET-GARAGE,10–20,"M-08: knees over toes, neutral spine on hinges, chair against wall, shoes on, no rugs",,,,
59,11:01,DRV-hip_flexor-harder,hip_flexor,Standing hip-front stretch,harder,"Reach the arm on the back-leg side up toward the ceiling, to comfortable height.","Stand side-on to the counter, near hand on it. Step one foot back into a small split stance.",Kitchen counter,SET-GARAGE,10–20,"M-08: knees over toes, neutral spine on hinges, chair against wall, shoes on, no rugs",,,,
60,11:03,DRV-hip_hinge-easier,hip_hinge,Counter hip hinge,easier,"Smaller movement, hands stay on the counter the whole time.","Stand arm's length from the counter, hands resting on it, feet hip-width apart, soft knees.",Kitchen counter,SET-GARAGE,10–20,"M-08: knees over toes, neutral spine on hinges, chair against wall, shoes on, no rugs",,,,
61,11:05,DRV-hip_hinge-main,hip_hinge,Counter hip hinge,main,"Push your hips back, like closing a car door with your bottom. Let your chest tip forward with a long, flat back. Hands slide along the counter. Stop when you feel a stretch in the back of your thighs. Squeeze your buttocks to stand tall again.","Stand arm's length from the counter, hands resting on it, feet hip-width apart, soft knees.",Kitchen counter,SET-GARAGE,10–20,"M-08: knees over toes, neutral spine on hinges, chair against wall, shoes on, no rugs",,,,
62,11:07,DRV-hip_hinge-harder,hip_hinge,Counter hip hinge,harder,"Pick up a jug of water from the seat of a chair using the same hinge, and set it back down. Later: from a lower surface, like a step.","Stand arm's length from the counter, hands resting on it, feet hip-width apart, soft knees.",Kitchen counter,SET-GARAGE,10–20,"M-08: knees over toes, neutral spine on hinges, chair against wall, shoes on, no rugs",,,,
63,11:09,DRV-side_step-easier,side_step,Side steps along the counter,easier,"Fewer steps, slower.","Stand facing the counter, both hands resting on it.",Kitchen counter,SET-GARAGE,10–20,"M-08: knees over toes, neutral spine on hinges, chair against wall, shoes on, no rugs",,,,
64,11:11,DRV-side_step-main,side_step,Side steps along the counter,main,"Step sideways to the right, then bring your left foot to meet it. Take 10 steps to the right, then 10 back to the left. Toes point forward the whole time.","Stand facing the counter, both hands resting on it.",Kitchen counter,SET-GARAGE,10–20,"M-08: knees over toes, neutral spine on hinges, chair against wall, shoes on, no rugs",,,,
65,11:13,DRV-side_step-harder,side_step,Side steps along the counter,harder,"Bend your knees slightly and stay low, or tie a resistance loop above your knees.","Stand facing the counter, both hands resting on it.",Kitchen counter,SET-GARAGE,10–20,"M-08: knees over toes, neutral spine on hinges, chair against wall, shoes on, no rugs",,,,
66,11:15,DRV-single_leg-easier,single_leg,One-leg stand at the counter,easier,"Just shift your weight onto one foot, keeping the other toe lightly on the floor.","Stand facing the counter, both hands resting on it. Shoes on.",Kitchen counter,SET-GARAGE,10–20,"M-08: knees over toes, neutral spine on hinges, chair against wall, shoes on, no rugs",,,,
67,11:17,DRV-single_leg-main,single_leg,One-leg stand at the counter,main,"Shift your weight to your left foot. Lift your right foot a few inches off the floor. Hold, then switch.","Stand facing the counter, both hands resting on it. Shoes on.",Kitchen counter,SET-GARAGE,10–20,"M-08: knees over toes, neutral spine on hinges, chair against wall, shoes on, no rugs",,,,
68,11:19,DRV-single_leg-harder,single_leg,One-leg stand at the counter,harder,"One hand hovering above the counter, then both hands hovering, right next to the counter.","Stand facing the counter, both hands resting on it. Shoes on.",Kitchen counter,SET-GARAGE,10–20,"M-08: knees over toes, neutral spine on hinges, chair against wall, shoes on, no rugs",,,,
69,11:21,DRV-split_squat-main,split_squat,Counter split squat (Iron track),main,"Bend both knees and lower straight down, a few inches. Front knee stays over the front foot. Push through the front heel to rise.","Stand side-on to the counter, one hand on it. Step one foot back about two feet, back heel up.",Kitchen counter,SET-GARAGE,10–20,"M-08: knees over toes, neutral spine on hinges, chair against wall, shoes on, no rugs",,,,
70,11:23,DRV-split_squat-harder,split_squat,Counter split squat (Iron track),harder,"Lower a little deeper (never let the back knee touch the floor), or hold a jug in the hand away from the counter.","Stand side-on to the counter, one hand on it. Step one foot back about two feet, back heel up.",Kitchen counter,SET-GARAGE,10–20,"M-08: knees over toes, neutral spine on hinges, chair against wall, shoes on, no rugs",,,,
71,11:25,DRV-standing_birddog-easier,standing_birddog,Standing bird-dog at the counter,easier,Leg only; both hands stay on the counter.,"Stand facing the counter, both hands on it.",Kitchen counter,SET-GARAGE,10–20,"M-08: knees over toes, neutral spine on hinges, chair against wall, shoes on, no rugs",,,,
72,11:27,DRV-standing_birddog-main,standing_birddog,Standing bird-dog at the counter,main,"Slide your right foot back and lift it a few inches behind you, toes on or just off the floor. At the same time, if steady, reach your left arm forward along the counter. Return. Switch sides.","Stand facing the counter, both hands on it.",Kitchen counter,SET-GARAGE,10–20,"M-08: knees over toes, neutral spine on hinges, chair against wall, shoes on, no rugs",,,,
73,11:29,DRV-standing_birddog-harder,standing_birddog,Standing bird-dog at the counter,harder,Hold the reach for three seconds.,"Stand facing the counter, both hands on it.",Kitchen counter,SET-GARAGE,10–20,"M-08: knees over toes, neutral spine on hinges, chair against wall, shoes on, no rugs",,,,
74,11:31,DRV-standing_march-main,standing_march,Standing march at the counter,main,"Lift one knee to a comfortable height, lower it. Lift the other knee. Keep a steady rhythm.","Stand facing the counter, one or both hands resting on it.",Kitchen counter,SET-GARAGE,10–20,"M-08: knees over toes, neutral spine on hinges, chair against wall, shoes on, no rugs",,,,
75,11:33,DRV-standing_march-harder,standing_march,Standing march at the counter,harder,"Lift knees higher, march faster, or let one hand hover above the counter.","Stand facing the counter, one or both hands resting on it.",Kitchen counter,SET-GARAGE,10–20,"M-08: knees over toes, neutral spine on hinges, chair against wall, shoes on, no rugs",,,,
76,11:45,DRV-tandem_stand-easier,tandem_stand,Heel-to-toe stand at the counter,easier,Half-step stance: front foot's heel beside the big toe of the back foot. Both hands on the counter.,"Stand facing the counter, both hands resting on it. Shoes on.",Kitchen counter,SET-GARAGE,10–20,"M-08: knees over toes, neutral spine on hinges, chair against wall, shoes on, no rugs",,,,
77,11:47,DRV-tandem_stand-main,tandem_stand,Heel-to-toe stand at the counter,main,"Place one foot directly in front of the other, heel touching toe. Stand tall and hold. Switch which foot is in front.","Stand facing the counter, both hands resting on it. Shoes on.",Kitchen counter,SET-GARAGE,10–20,"M-08: knees over toes, neutral spine on hinges, chair against wall, shoes on, no rugs",,,,
78,11:49,DRV-tandem_stand-harder,tandem_stand,Heel-to-toe stand at the counter,harder,Lift one hand to hover just above the counter. Later: both hands hovering.,"Stand facing the counter, both hands resting on it. Shoes on.",Kitchen counter,SET-GARAGE,10–20,"M-08: knees over toes, neutral spine on hinges, chair against wall, shoes on, no rugs",,,,
79,11:51,DRV-toe_walk-easier,toe_walk,Toe walk along the counter,easier,Heel raises in place instead.,"Stand at one end of the counter, one hand resting on it.",Kitchen counter,SET-GARAGE,10–20,"M-08: knees over toes, neutral spine on hinges, chair against wall, shoes on, no rugs",,,,
80,11:53,DRV-toe_walk-main,toe_walk,Toe walk along the counter,main,"Rise onto the balls of your feet. Walk 10 small steps along the counter on your toes. Lower your heels, turn carefully, walk back.","Stand at one end of the counter, one hand resting on it.",Kitchen counter,SET-GARAGE,10–20,"M-08: knees over toes, neutral spine on hinges, chair against wall, shoes on, no rugs",,,,
81,11:55,DRV-toe_walk-harder,toe_walk,Toe walk along the counter,harder,"Hand hovering, still right next to the counter.","Stand at one end of the counter, one hand resting on it.",Kitchen counter,SET-GARAGE,10–20,"M-08: knees over toes, neutral spine on hinges, chair against wall, shoes on, no rugs",,,,
82,11:57,DRV-counter_pushup-main,counter_pushup,Counter push-up,main,Lower your chest toward the counter edge. Push back up until your arms are straight.,"Hands on the edge of the kitchen counter, a little wider than your shoulders. Walk your feet back until your body is on a slant.","Kitchen counter (sturdy, not a rolling island)",SET-GARAGE,10–20,"M-08: knees over toes, neutral spine on hinges, chair against wall, shoes on, no rugs",,,,
83,11:59,DRV-counter_pushup-harder,counter_pushup,Counter push-up,harder,"Lower slowly for three seconds. Later (Iron track): a sturdy low bench or bottom stair, only if the counter version is easy for 12 reps.","Hands on the edge of the kitchen counter, a little wider than your shoulders. Walk your feet back until your body is on a slant.","Kitchen counter (sturdy, not a rolling island)",SET-GARAGE,10–20,"M-08: knees over toes, neutral spine on hinges, chair against wall, shoes on, no rugs",,,,
84,12:01,DRV-jug_row-main,jug_row,One-arm jug row at the counter,main,"Pull the jug up toward your ribs, elbow close to your body. Squeeze your shoulder blade toward your spine. Lower slowly. Do all reps, then switch sides.","Stand side-on to the counter. Put your left hand on the counter. Step your left foot forward and hinge forward a little with a long, flat back. Jug in your right hand, arm hanging.","Kitchen counter + a jug or bag (start with a half-full gallon jug, about 4 pounds)",SET-GARAGE,10–20,"M-08: knees over toes, neutral spine on hinges, chair against wall, shoes on, no rugs",,,,
85,12:03,DRV-jug_row-harder,jug_row,One-arm jug row at the counter,harder,"Full gallon jug (about 8 pounds), or a bag with a few cans. Pause for one second at the top.","Stand side-on to the counter. Put your left hand on the counter. Step your left foot forward and hinge forward a little with a long, flat back. Jug in your right hand, arm hanging.","Kitchen counter + a jug or bag (start with a half-full gallon jug, about 4 pounds)",SET-GARAGE,10–20,"M-08: knees over toes, neutral spine on hinges, chair against wall, shoes on, no rugs",,,,
86,12:05,DRV-weight_shift-easier,weight_shift,Weight shifts,easier,Do it seated: shift your weight side to side on the chair.,"Stand facing the counter, feet hip-width apart, both hands resting on it.",Kitchen counter or chair back,SET-GARAGE,10–20,"M-08: knees over toes, neutral spine on hinges, chair against wall, shoes on, no rugs",,,,
87,12:07,DRV-weight_shift-main,weight_shift,Weight shifts,main,Slowly shift your weight to your right foot. Pause. Shift to your left foot. Pause. Then shift forward toward your toes and back toward your heels.,"Stand facing the counter, feet hip-width apart, both hands resting on it.",Kitchen counter or chair back,SET-GARAGE,10–20,"M-08: knees over toes, neutral spine on hinges, chair against wall, shoes on, no rugs",,,,
88,12:09,DRV-weight_shift-harder,weight_shift,Weight shifts,harder,"Make the shifts bigger, or let one hand hover.","Stand facing the counter, feet hip-width apart, both hands resting on it.",Kitchen counter or chair back,SET-GARAGE,10–20,"M-08: knees over toes, neutral spine on hinges, chair against wall, shoes on, no rugs",,,,
89,12:11,DRV-step_over-easier,step_over,Step over a rolled towel,easier,A flat towel instead of rolled.,"Lay a rolled towel on the floor alongside the counter. Stand beside it, one hand on the counter.","Kitchen counter, a rolled bath towel",SET-GARAGE,10–20,"M-08: knees over toes, neutral spine on hinges, chair against wall, shoes on, no rugs",,,,
90,12:13,DRV-step_over-main,step_over,Step over a rolled towel,main,"Step over the towel sideways with the near foot, then the other. Step back over. Turn around and repeat facing the other way.","Lay a rolled towel on the floor alongside the counter. Stand beside it, one hand on the counter.","Kitchen counter, a rolled bath towel",SET-GARAGE,10–20,"M-08: knees over toes, neutral spine on hinges, chair against wall, shoes on, no rugs",,,,
91,12:15,DRV-step_over-harder,step_over,Step over a rolled towel,harder,"Step over forward and back, still holding the counter.","Lay a rolled towel on the floor alongside the counter. Stand beside it, one hand on the counter.","Kitchen counter, a rolled bath towel",SET-GARAGE,10–20,"M-08: knees over toes, neutral spine on hinges, chair against wall, shoes on, no rugs",,,,
92,12:17,DRV-backward_walk-easier,backward_walk,Backward walk along the counter,easier,Five small steps.,"Stand at one end of the counter, one hand resting on it the whole time. Check the path behind you is clear.","Kitchen counter, clear floor",SET-GARAGE,10–20,"M-08: knees over toes, neutral spine on hinges, chair against wall, shoes on, no rugs",,,,
93,12:19,DRV-backward_walk-main,backward_walk,Backward walk along the counter,main,"Take normal-size steps backward, toe then heel. 10 steps. Stop, then walk forward to the start.","Stand at one end of the counter, one hand resting on it the whole time. Check the path behind you is clear.","Kitchen counter, clear floor",SET-GARAGE,10–20,"M-08: knees over toes, neutral spine on hinges, chair against wall, shoes on, no rugs",,,,
94,12:21,DRV-backward_walk-harder,backward_walk,Backward walk along the counter,harder,"Ten steps, slower.","Stand at one end of the counter, one hand resting on it the whole time. Check the path behind you is clear.","Kitchen counter, clear floor",SET-GARAGE,10–20,"M-08: knees over toes, neutral spine on hinges, chair against wall, shoes on, no rugs",,,,
95,12:23,DRV-band_pull_apart-easier,band_pull_apart,Band pull-apart,easier,"Hands wider apart on the band (less tension), or the towel pull-apart.","Sturdy chair with no wheels and no arms (unless the easier version uses arms), pushed back against a wall so it cannot slide. Sit tall. Hold the band in front of your chest, hands shoulder-width apart.",Light resistance band; chair,SET-GARAGE,10–20,"M-08: knees over toes, neutral spine on hinges, chair against wall, shoes on, no rugs",,,,
96,12:25,DRV-band_pull_apart-main,band_pull_apart,Band pull-apart,main,Pull the band apart toward your chest by opening your arms. Squeeze your shoulder blades. Return slowly.,"Sturdy chair with no wheels and no arms (unless the easier version uses arms), pushed back against a wall so it cannot slide. Sit tall. Hold the band in front of your chest, hands shoulder-width apart.",Light resistance band; chair,SET-GARAGE,10–20,"M-08: knees over toes, neutral spine on hinges, chair against wall, shoes on, no rugs",,,,
97,12:27,DRV-band_pull_apart-harder,band_pull_apart,Band pull-apart,harder,"Hands closer together, or a 2-second squeeze.","Sturdy chair with no wheels and no arms (unless the easier version uses arms), pushed back against a wall so it cannot slide. Sit tall. Hold the band in front of your chest, hands shoulder-width apart.",Light resistance band; chair,SET-GARAGE,10–20,"M-08: knees over toes, neutral spine on hinges, chair against wall, shoes on, no rugs",,,,
98,12:29,DRV-suitcase_carry-easier,suitcase_carry,One-side carry,easier,"A lighter bag, free hand on the counter the whole time.",Hold one bag in one hand at your side. Clear path. Free hand can trail along the counter.,One grocery bag or jug; clear hallway along a counter,SET-GARAGE,10–20,"M-08: knees over toes, neutral spine on hinges, chair against wall, shoes on, no rugs",,,,
99,13:16,DRV-suitcase_carry-main,suitcase_carry,One-side carry,main,Stand tall. Don't lean away from the bag. Walk slowly for the set time. Set it down with a hinge. Switch hands.,Hold one bag in one hand at your side. Clear path. Free hand can trail along the counter.,One grocery bag or jug; clear hallway along a counter,SET-GARAGE,10–20,"M-08: knees over toes, neutral spine on hinges, chair against wall, shoes on, no rugs",,,,
100,13:18,DRV-suitcase_carry-harder,suitcase_carry,One-side carry,harder,"A heavier bag, or a longer walk.",Hold one bag in one hand at your side. Clear path. Free hand can trail along the counter.,One grocery bag or jug; clear hallway along a counter,SET-GARAGE,10–20,"M-08: knees over toes, neutral spine on hinges, chair against wall, shoes on, no rugs",,,,
101,13:20,DRV-pallof_press-easier,pallof_press,Band press-out (anti-twist),easier,"Do it seated, or stand closer to the door.","Stand side-on to the door, band in both hands at your chest, feet hip-width, soft knees. Chair behind you.","Resistance band anchored at chest height in a closed, locked door; or a partner holding it",SET-GARAGE,10–20,"M-08: knees over toes, neutral spine on hinges, chair against wall, shoes on, no rugs",,,,
102,13:22,DRV-pallof_press-main,pallof_press,Band press-out (anti-twist),main,"Press your hands straight out in front of your chest. Don't let the band turn you. Hold two seconds. Bring your hands back. Do all reps, then face the other way.","Stand side-on to the door, band in both hands at your chest, feet hip-width, soft knees. Chair behind you.","Resistance band anchored at chest height in a closed, locked door; or a partner holding it",SET-GARAGE,10–20,"M-08: knees over toes, neutral spine on hinges, chair against wall, shoes on, no rugs",,,,
103,13:24,DRV-pallof_press-harder,pallof_press,Band press-out (anti-twist),harder,"Step farther from the door, or hold 5 seconds.","Stand side-on to the door, band in both hands at your chest, feet hip-width, soft knees. Chair behind you.","Resistance band anchored at chest height in a closed, locked door; or a partner holding it",SET-GARAGE,10–20,"M-08: knees over toes, neutral spine on hinges, chair against wall, shoes on, no rugs",,,,
104,13:26,DRV-band_row-easier,band_row,Seated band row,easier,"Sit closer to the door so the band is slacker, or do the towel pull-apart.","Sturdy chair with no wheels and no arms (unless the easier version uses arms), pushed back against a wall so it cannot slide. Face the closed door, band anchored at chest height, one end in each hand, arms straight.","Resistance band with a door anchor (door closed, locked, opening away from you); chair",SET-GARAGE,10–20,"M-08: knees over toes, neutral spine on hinges, chair against wall, shoes on, no rugs",,,,
105,13:28,DRV-band_row-main,band_row,Seated band row,main,Pull your elbows back past your ribs. Squeeze your shoulder blades together. Return slowly.,"Sturdy chair with no wheels and no arms (unless the easier version uses arms), pushed back against a wall so it cannot slide. Face the closed door, band anchored at chest height, one end in each hand, arms straight.","Resistance band with a door anchor (door closed, locked, opening away from you); chair",SET-GARAGE,10–20,"M-08: knees over toes, neutral spine on hinges, chair against wall, shoes on, no rugs",,,,
106,13:30,DRV-band_row-harder,band_row,Seated band row,harder,"Scoot back for more tension, or pause 2 seconds with elbows back.","Sturdy chair with no wheels and no arms (unless the easier version uses arms), pushed back against a wall so it cannot slide. Face the closed door, band anchored at chest height, one end in each hand, arms straight.","Resistance band with a door anchor (door closed, locked, opening away from you); chair",SET-GARAGE,10–20,"M-08: knees over toes, neutral spine on hinges, chair against wall, shoes on, no rugs",,,,
107,13:32,DRV-walk-easier,walk,Walk and talk,easier,"Walk indoors: kitchen to front door and back, touching the counter as you pass. Or march seated.","Good shoes. A route with no ice, good light, and benches or rails if possible. Cane or walker if you use one.","Shoes, a safe route (hallway, mall, sidewalk)",SET-GARAGE,10–20,"M-08: knees over toes, neutral spine on hinges, chair against wall, shoes on, no rugs",,,,
108,13:34,DRV-walk-main,walk,Walk and talk,main,"Walk at an easy pace for 2 minutes to warm up. Pick up the pace to 'can talk, can't sing' for the middle minutes. Slow down for the last 2 minutes.","Good shoes. A route with no ice, good light, and benches or rails if possible. Cane or walker if you use one.","Shoes, a safe route (hallway, mall, sidewalk)",SET-GARAGE,10–20,"M-08: knees over toes, neutral spine on hinges, chair against wall, shoes on, no rugs",,,,
109,13:36,DRV-walk-harder,walk,Walk and talk,harder,"Add 1-minute faster stretches, or a gentle hill.","Good shoes. A route with no ice, good light, and benches or rails if possible. Cane or walker if you use one.","Shoes, a safe route (hallway, mall, sidewalk)",SET-GARAGE,10–20,"M-08: knees over toes, neutral spine on hinges, chair against wall, shoes on, no rugs",,,,
110,13:38,DRV-brush_knee-easier,brush_knee,"Brush knee (tai chi, simplified)",easier,"Arms only, feet together, one hand on the counter.","Stand with feet hip-width, knees soft, counter within reach.",Space to stand near the counter; chair behind you,SET-GARAGE,10–20,"M-08: knees over toes, neutral spine on hinges, chair against wall, shoes on, no rugs",,,,
111,13:40,DRV-brush_knee-main,brush_knee,"Brush knee (tai chi, simplified)",main,"Step forward with the left foot, heel first, into a short stance. As you shift your weight forward, the left hand brushes past the left knee and the right hand pushes forward slowly. Shift back, step back to center. Switch sides.","Stand with feet hip-width, knees soft, counter within reach.",Space to stand near the counter; chair behind you,SET-GARAGE,10–20,"M-08: knees over toes, neutral spine on hinges, chair against wall, shoes on, no rugs",,,,
112,13:42,DRV-brush_knee-harder,brush_knee,"Brush knee (tai chi, simplified)",harder,"Four steps across the room and back, near the counter.","Stand with feet hip-width, knees soft, counter within reach.",Space to stand near the counter; chair behind you,SET-GARAGE,10–20,"M-08: knees over toes, neutral spine on hinges, chair against wall, shoes on, no rugs",,,,
113,13:44,DRV-parting_mane-easier,parting_mane,"Parting the horse's mane (tai chi, simplified)",easier,"Arms only, feet together, holding the counter with one hand.","Stand with feet hip-width, knees soft, counter within reach.",Space to stand near the counter; chair behind you,SET-GARAGE,10–20,"M-08: knees over toes, neutral spine on hinges, chair against wall, shoes on, no rugs",,,,
114,13:46,DRV-parting_mane-main,parting_mane,"Parting the horse's mane (tai chi, simplified)",main,"Imagine holding a ball at your chest, right hand on top. Step the left foot forward at a slight angle and shift your weight into it as the left arm sweeps up to shoulder height and the right hand presses down by the hip. Shift back, bring the ball back, switch sides.","Stand with feet hip-width, knees soft, counter within reach.",Space to stand near the counter; chair behind you,SET-GARAGE,10–20,"M-08: knees over toes, neutral spine on hinges, chair against wall, shoes on, no rugs",,,,
115,13:48,DRV-parting_mane-harder,parting_mane,"Parting the horse's mane (tai chi, simplified)",harder,"Step forward across the room, left then right, near the counter.","Stand with feet hip-width, knees soft, counter within reach.",Space to stand near the counter; chair behind you,SET-GARAGE,10–20,"M-08: knees over toes, neutral spine on hinges, chair against wall, shoes on, no rugs",,,,
116,13:50,DRV-owl_look-easier,owl_look,"Looking back (baduanjin piece 4, gentle)",easier,Turn your eyes more than your head.,"Stand or sit tall, arms relaxed by your sides.",Space to stand or sit,SET-GARAGE,10–20,"M-08: knees over toes, neutral spine on hinges, chair against wall, shoes on, no rugs",,,,
117,13:52,DRV-owl_look-main,owl_look,"Looking back (baduanjin piece 4, gentle)",main,"Turn your palms outward and slowly turn your head to look over your right shoulder, only as far as comfortable. Return to center. Switch.","Stand or sit tall, arms relaxed by your sides.",Space to stand or sit,SET-GARAGE,10–20,"M-08: knees over toes, neutral spine on hinges, chair against wall, shoes on, no rugs",,,,
118,13:54,DRV-owl_look-harder,owl_look,"Looking back (baduanjin piece 4, gentle)",harder,Hold the turn for one slow breath.,"Stand or sit tall, arms relaxed by your sides.",Space to stand or sit,SET-GARAGE,10–20,"M-08: knees over toes, neutral spine on hinges, chair against wall, shoes on, no rugs",,,,
119,13:56,DRV-heaven_earth-easier,heaven_earth,Separating heaven and earth (baduanjin piece 3),easier,"Seated, or lift only to shoulder height.","Stand tall, feet hip-width apart, hands in front of your belly.",Space to stand; chair behind you,SET-GARAGE,10–20,"M-08: knees over toes, neutral spine on hinges, chair against wall, shoes on, no rugs",,,,
120,13:58,DRV-heaven_earth-main,heaven_earth,Separating heaven and earth (baduanjin piece 3),main,"Lift your right hand up past your face and press the palm toward the ceiling, to comfortable height. At the same time, press your left palm down beside your hip. Bring both hands back to center. Switch.","Stand tall, feet hip-width apart, hands in front of your belly.",Space to stand; chair behind you,SET-GARAGE,10–20,"M-08: knees over toes, neutral spine on hinges, chair against wall, shoes on, no rugs",,,,
121,14:00,DRV-heaven_earth-harder,heaven_earth,Separating heaven and earth (baduanjin piece 3),harder,"Slower, with a longer out-breath.","Stand tall, feet hip-width apart, hands in front of your belly.",Space to stand; chair behind you,SET-GARAGE,10–20,"M-08: knees over toes, neutral spine on hinges, chair against wall, shoes on, no rugs",,,,
122,14:02,DRV-sky_lift-easier,sky_lift,Holding up the sky (baduanjin piece 1),easier,"Sit and do it seated, or lift only to shoulder height.","Stand tall, feet hip-width apart, knees soft, chair behind you. Interlace your fingers in front of your belly, palms up.",Space to stand; chair behind you,SET-GARAGE,10–20,"M-08: knees over toes, neutral spine on hinges, chair against wall, shoes on, no rugs",,,,
123,14:04,DRV-sky_lift-main,sky_lift,Holding up the sky (baduanjin piece 1),main,"Breathe in and lift your hands slowly up the front of your body, turning palms to the ceiling as they pass your face. Press gently upward, only to a comfortable height. Breathe out and float your arms down to the sides.","Stand tall, feet hip-width apart, knees soft, chair behind you. Interlace your fingers in front of your belly, palms up.",Space to stand; chair behind you,SET-GARAGE,10–20,"M-08: knees over toes, neutral spine on hinges, chair against wall, shoes on, no rugs",,,,
124,14:16,DRV-sky_lift-harder,sky_lift,Holding up the sky (baduanjin piece 1),harder,"Rise onto your toes a little at the top, holding the chair back with one hand if needed.","Stand tall, feet hip-width apart, knees soft, chair behind you. Interlace your fingers in front of your belly, palms up.",Space to stand; chair behind you,SET-GARAGE,10–20,"M-08: knees over toes, neutral spine on hinges, chair against wall, shoes on, no rugs",,,,
125,14:18,DRV-draw_bow-easier,draw_bow,"Drawing the bow (baduanjin piece 2, high stance)",easier,Sit tall in your chair and do the arm movement only.,"Stand with feet a little wider than your hips, knees slightly bent. A high stance, not a deep squat.",Space to stand; chair beside you,SET-GARAGE,10–20,"M-08: knees over toes, neutral spine on hinges, chair against wall, shoes on, no rugs",,,,
126,14:20,DRV-draw_bow-main,draw_bow,"Drawing the bow (baduanjin piece 2, high stance)",main,"Bring both hands in front of your chest. Push your left hand out to the left like holding a bow, while your right elbow pulls back like drawing the string. Eyes follow the left hand. Return to center. Switch sides.","Stand with feet a little wider than your hips, knees slightly bent. A high stance, not a deep squat.",Space to stand; chair beside you,SET-GARAGE,10–20,"M-08: knees over toes, neutral spine on hinges, chair against wall, shoes on, no rugs",,,,
127,14:22,DRV-draw_bow-harder,draw_bow,"Drawing the bow (baduanjin piece 2, high stance)",harder,Bend your knees a little more (never below comfortable).,"Stand with feet a little wider than your hips, knees slightly bent. A high stance, not a deep squat.",Space to stand; chair beside you,SET-GARAGE,10–20,"M-08: knees over toes, neutral spine on hinges, chair against wall, shoes on, no rugs",,,,
128,14:24,DRV-fists-easier,fists,"Punching with a steady gaze (baduanjin piece 7, high stance)",easier,"Seated, same arm movement.","Stand with feet a little wider than hips, knees soft, loose fists at your waist, palms up.",Space to stand; chair beside you,SET-GARAGE,10–20,"M-08: knees over toes, neutral spine on hinges, chair against wall, shoes on, no rugs",,,,
129,14:26,DRV-fists-main,fists,"Punching with a steady gaze (baduanjin piece 7, high stance)",main,"Slowly punch your right fist forward, turning it palm down. Open the hand, grip the air, and pull the fist back to the waist. Switch sides.","Stand with feet a little wider than hips, knees soft, loose fists at your waist, palms up.",Space to stand; chair beside you,SET-GARAGE,10–20,"M-08: knees over toes, neutral spine on hinges, chair against wall, shoes on, no rugs",,,,
130,14:28,DRV-fists-harder,fists,"Punching with a steady gaze (baduanjin piece 7, high stance)",harder,"Bend your knees a little more, keeping them over your toes.","Stand with feet a little wider than hips, knees soft, loose fists at your waist, palms up.",Space to stand; chair beside you,SET-GARAGE,10–20,"M-08: knees over toes, neutral spine on hinges, chair against wall, shoes on, no rugs",,,,
131,14:30,DRV-cloud_hands-easier,cloud_hands,"Cloud hands (tai chi, simplified)",easier,Keep one hand on the counter and move the other hand only.,"Stand with feet a little wider than hips, knees soft, near the counter.",Space to stand; counter or chair nearby,SET-GARAGE,10–20,"M-08: knees over toes, neutral spine on hinges, chair against wall, shoes on, no rugs",,,,
132,14:32,DRV-cloud_hands-main,cloud_hands,"Cloud hands (tai chi, simplified)",main,"Shift your weight to the right foot while your right hand floats across in front of your face and your left hand floats low in front of your belly. Shift to the left foot and let the hands switch, like wiping a big window slowly. Keep shifting side to side.","Stand with feet a little wider than hips, knees soft, near the counter.",Space to stand; counter or chair nearby,SET-GARAGE,10–20,"M-08: knees over toes, neutral spine on hinges, chair against wall, shoes on, no rugs",,,,
133,14:34,DRV-cloud_hands-harder,cloud_hands,"Cloud hands (tai chi, simplified)",harder,"Add a small side step with each shift, next to the counter.","Stand with feet a little wider than hips, knees soft, near the counter.",Space to stand; counter or chair nearby,SET-GARAGE,10–20,"M-08: knees over toes, neutral spine on hinges, chair against wall, shoes on, no rugs",,,,
134,14:36,DRV-power_stand-main,power_stand,"Power stand (fast up, slow down)",main,"Sit tall, feet flat, arms crossed or hands on thighs. Stand up as quickly as you safely can. Think 'pop up'. Stand tall for one second. Lower slowly for a count of three.","Sturdy chair with no wheels and no arms (unless the easier version uses arms), pushed back against a wall so it cannot slide.",Sturdy chair against a wall,SET-GARAGE,10–20,"M-08: knees over toes, neutral spine on hinges, chair against wall, shoes on, no rugs",,,,
135,14:38,DRV-power_stand-harder,power_stand,"Power stand (fast up, slow down)",harder,"Hold a jug of water at your chest, or pause one second just above the seat on the way down.","Sturdy chair with no wheels and no arms (unless the easier version uses arms), pushed back against a wall so it cannot slide.",Sturdy chair against a wall,SET-GARAGE,10–20,"M-08: knees over toes, neutral spine on hinges, chair against wall, shoes on, no rugs",,,,
136,14:40,DRV-seated_hinge-easier,seated_hinge,Seated hip hinge,easier,A smaller tip forward.,"Sturdy chair with no wheels and no arms (unless the easier version uses arms), pushed back against a wall so it cannot slide. Sit near the front of the seat, feet flat and wide, hands on your thighs.",Sturdy chair against a wall,SET-GARAGE,10–20,"M-08: knees over toes, neutral spine on hinges, chair against wall, shoes on, no rugs",,,,
137,14:42,DRV-seated_hinge-main,seated_hinge,Seated hip hinge,main,"Keep your back long and tip your chest forward from the hips, sliding your hands toward your knees. Go only as far as your back stays long. Squeeze your buttocks and sit tall again.","Sturdy chair with no wheels and no arms (unless the easier version uses arms), pushed back against a wall so it cannot slide. Sit near the front of the seat, feet flat and wide, hands on your thighs.",Sturdy chair against a wall,SET-GARAGE,10–20,"M-08: knees over toes, neutral spine on hinges, chair against wall, shoes on, no rugs",,,,
138,14:44,DRV-seated_hinge-harder,seated_hinge,Seated hip hinge,harder,Hold a water bottle against your chest.,"Sturdy chair with no wheels and no arms (unless the easier version uses arms), pushed back against a wall so it cannot slide. Sit near the front of the seat, feet flat and wide, hands on your thighs.",Sturdy chair against a wall,SET-GARAGE,10–20,"M-08: knees over toes, neutral spine on hinges, chair against wall, shoes on, no rugs",,,,
139,14:46,DRV-seated_knee_ext-main,seated_knee_ext,Seated knee straightening,main,"Straighten your right knee until your leg is level, or as close as you can. Squeeze the front of your thigh for two seconds. Lower slowly. Do all reps, then switch legs.","Sturdy chair with no wheels and no arms (unless the easier version uses arms), pushed back against a wall so it cannot slide. Sit tall with your back against the backrest.",Sturdy chair against a wall,SET-GARAGE,10–20,"M-08: knees over toes, neutral spine on hinges, chair against wall, shoes on, no rugs",,,,
140,14:48,DRV-seated_knee_ext-harder,seated_knee_ext,Seated knee straightening,harder,"Hold for 5 seconds at the top, or add a light ankle weight later.","Sturdy chair with no wheels and no arms (unless the easier version uses arms), pushed back against a wall so it cannot slide. Sit tall with your back against the backrest.",Sturdy chair against a wall,SET-GARAGE,10–20,"M-08: knees over toes, neutral spine on hinges, chair against wall, shoes on, no rugs",,,,
141,14:50,DRV-seated_march-easier,seated_march,Seated march,easier,"Lift the feet only an inch, or march more slowly.","Sturdy chair with no wheels and no arms (unless the easier version uses arms), pushed back against a wall so it cannot slide. Sit tall near the front of the seat, hands on the sides of the seat.",Sturdy chair against a wall,SET-GARAGE,10–20,"M-08: knees over toes, neutral spine on hinges, chair against wall, shoes on, no rugs",,,,
142,14:52,DRV-seated_march-main,seated_march,Seated march,main,"Lift your right knee a few inches, lower it. Lift your left knee, lower it. Keep a steady rhythm.","Sturdy chair with no wheels and no arms (unless the easier version uses arms), pushed back against a wall so it cannot slide. Sit tall near the front of the seat, hands on the sides of the seat.",Sturdy chair against a wall,SET-GARAGE,10–20,"M-08: knees over toes, neutral spine on hinges, chair against wall, shoes on, no rugs",,,,
143,14:54,DRV-seated_march-harder,seated_march,Seated march,harder,"March faster, or pump your arms too.","Sturdy chair with no wheels and no arms (unless the easier version uses arms), pushed back against a wall so it cannot slide. Sit tall near the front of the seat, hands on the sides of the seat.",Sturdy chair against a wall,SET-GARAGE,10–20,"M-08: knees over toes, neutral spine on hinges, chair against wall, shoes on, no rugs",,,,
144,14:56,DRV-sit_stand_nohands-main,sit_stand_nohands,Sit-to-stand without hands (balance version),main,Sit with feet slightly narrower than usual. Stand up without using your hands. Balance for two seconds at the top before sitting back down slowly.,"Sturdy chair with no wheels and no arms (unless the easier version uses arms), pushed back against a wall so it cannot slide.",Sturdy chair against a wall,SET-GARAGE,10–20,"M-08: knees over toes, neutral spine on hinges, chair against wall, shoes on, no rugs",,,,
145,14:58,DRV-sit_stand_nohands-harder,sit_stand_nohands,Sit-to-stand without hands (balance version),harder,Feet together.,"Sturdy chair with no wheels and no arms (unless the easier version uses arms), pushed back against a wall so it cannot slide.",Sturdy chair against a wall,SET-GARAGE,10–20,"M-08: knees over toes, neutral spine on hinges, chair against wall, shoes on, no rugs",,,,
146,15:00,DRV-sit_to_stand-easier,sit_to_stand,Chair sit-to-stand,easier,"Put a firm cushion or folded blanket on the seat to make it higher, or push up with your hands on your thighs or on chair arms.","Sturdy chair with no wheels and no arms (unless the easier version uses arms), pushed back against a wall so it cannot slide. Sit in the middle of the seat, feet flat, hip-width apart, a little behind your knees.",Sturdy chair against a wall,SET-GARAGE,10–20,"M-08: knees over toes, neutral spine on hinges, chair against wall, shoes on, no rugs",,,,
147,15:02,DRV-sit_to_stand-main,sit_to_stand,Chair sit-to-stand,main,"Cross your arms over your chest, or rest your hands on your thighs. Lean your chest forward, nose over toes. Push the floor away and stand all the way up. Squeeze your buttocks at the top. Reach your hips back and sit down slowly, like the chair is farther away than you think.","Sturdy chair with no wheels and no arms (unless the easier version uses arms), pushed back against a wall so it cannot slide. Sit in the middle of the seat, feet flat, hip-width apart, a little behind your knees.",Sturdy chair against a wall,SET-GARAGE,10–20,"M-08: knees over toes, neutral spine on hinges, chair against wall, shoes on, no rugs",,,,
148,15:04,DRV-sit_to_stand-harder,sit_to_stand,Chair sit-to-stand,harder,"Arms crossed, lower for a slow count of three, and pause one second just above the seat before touching down. Later: hold a gallon jug of water at your chest.","Sturdy chair with no wheels and no arms (unless the easier version uses arms), pushed back against a wall so it cannot slide. Sit in the middle of the seat, feet flat, hip-width apart, a little behind your knees.",Sturdy chair against a wall,SET-GARAGE,10–20,"M-08: knees over toes, neutral spine on hinges, chair against wall, shoes on, no rugs",,,,
149,15:16,DRV-floor_practice-easier,floor_practice,Floor practice with a chair (kneel and rise),easier,"Only the first step: lower into a half-kneel on the towel and come back up, holding the chair. Or skip the floor and do sit-to-stands.","Stand beside a sturdy chair or sofa, one hand on the seat. Put a folded towel on the floor for your knee. Someone else is home.","Sturdy chair or sofa that can't slide, a folded towel or cushion, someone home",SET-GARAGE,10–20,"M-08: knees over toes, neutral spine on hinges, chair against wall, shoes on, no rugs",,,,
150,15:18,DRV-floor_practice-main,floor_practice,Floor practice with a chair (kneel and rise),main,"Holding the chair, step one foot back and lower that knee gently onto the towel. You're in a half-kneel. Bring the other knee down if it's comfortable. Both hands on the chair seat. To rise: bring one foot forward, flat on the floor (half-kneel). Push down through the front foot and your hands on the chair, and stand up. Stand still a moment before you walk.","Stand beside a sturdy chair or sofa, one hand on the seat. Put a folded towel on the floor for your knee. Someone else is home.","Sturdy chair or sofa that can't slide, a folded towel or cushion, someone home",SET-GARAGE,10–20,"M-08: knees over toes, neutral spine on hinges, chair against wall, shoes on, no rugs",,,,
151,15:20,DRV-floor_practice-harder,floor_practice,Floor practice with a chair (kneel and rise),harder,"Iron: from kneeling, sit down onto the floor beside the chair, then roll to your knees and rise with the chair. Only with someone home.","Stand beside a sturdy chair or sofa, one hand on the seat. Put a folded towel on the floor for your knee. Someone else is home.","Sturdy chair or sofa that can't slide, a folded towel or cushion, someone home",SET-GARAGE,10–20,"M-08: knees over toes, neutral spine on hinges, chair against wall, shoes on, no rugs",,,,
152,15:22,DRV-bottle_curl-main,bottle_curl,Water-bottle curl,main,Bend your elbows and bring the bottles toward your shoulders. Lower slowly all the way down.,"Sturdy chair with no wheels and no arms (unless the easier version uses arms), pushed back against a wall so it cannot slide. Sit tall, a bottle in each hand, arms hanging, palms facing forward.","Two full water bottles, or two soup cans; chair",SET-GARAGE,10–20,"M-08: knees over toes, neutral spine on hinges, chair against wall, shoes on, no rugs",,,,
153,15:24,DRV-bottle_curl-harder,bottle_curl,Water-bottle curl,harder,"Heavier: a half-gallon jug (about 4 pounds), then a full gallon jug (about 8 pounds), one at a time.","Sturdy chair with no wheels and no arms (unless the easier version uses arms), pushed back against a wall so it cannot slide. Sit tall, a bottle in each hand, arms hanging, palms facing forward.","Two full water bottles, or two soup cans; chair",SET-GARAGE,10–20,"M-08: knees over toes, neutral spine on hinges, chair against wall, shoes on, no rugs",,,,
154,15:26,DRV-carry-easier,carry,Grocery carry,easier,"One light bag, and keep your free hand trailing along the counter.","Hold a bag or jug in each hand at your sides. Clear path, shoes on, walk along a counter or hallway wall where possible.","Two grocery bags, jugs or kettlebells; clear hallway",SET-GARAGE,10–20,"M-08: knees over toes, neutral spine on hinges, chair against wall, shoes on, no rugs",,,,
155,15:28,DRV-carry-main,carry,Grocery carry,main,"Stand tall, shoulders down. Walk slowly and steadily for the set time. Set the load down by hinging at the hips with a long back, not by rounding.","Hold a bag or jug in each hand at your sides. Clear path, shoes on, walk along a counter or hallway wall where possible.","Two grocery bags, jugs or kettlebells; clear hallway",SET-GARAGE,10–20,"M-08: knees over toes, neutral spine on hinges, chair against wall, shoes on, no rugs",,,,
156,15:30,DRV-carry-harder,carry,Grocery carry,harder,Heavier: two full gallon jugs (about 8 pounds each). Iron track: two heavier bags or kettlebells.,"Hold a bag or jug in each hand at your sides. Clear path, shoes on, walk along a counter or hallway wall where possible.","Two grocery bags, jugs or kettlebells; clear hallway",SET-GARAGE,10–20,"M-08: knees over toes, neutral spine on hinges, chair against wall, shoes on, no rugs",,,,
157,15:32,DRV-seated_chest_press-main,seated_chest_press,Seated chest press,main,Press the bottles straight out in front of your chest until your arms are straight. Pause one second. Bring them back slowly to your chest.,"Sturdy chair with no wheels and no arms (unless the easier version uses arms), pushed back against a wall so it cannot slide. Sit tall, a bottle in each hand at chest height, elbows bent and pointing down and out.",Two water bottles or a light band; sturdy chair against a wall,SET-GARAGE,10–20,"M-08: knees over toes, neutral spine on hinges, chair against wall, shoes on, no rugs",,,,
158,15:34,DRV-seated_chest_press-harder,seated_chest_press,Seated chest press,harder,"Loop a resistance band behind the chair back and press against it, or hold for 3 seconds with arms straight.","Sturdy chair with no wheels and no arms (unless the easier version uses arms), pushed back against a wall so it cannot slide. Sit tall, a bottle in each hand at chest height, elbows bent and pointing down and out.",Two water bottles or a light band; sturdy chair against a wall,SET-GARAGE,10–20,"M-08: knees over toes, neutral spine on hinges, chair against wall, shoes on, no rugs",,,,
159,15:36,DRV-seated_press-easier,seated_press,Seated overhead press (to comfortable height),easier,"One arm at a time, or press forward and up at a slant instead of straight up.","Sturdy chair with no wheels and no arms (unless the easier version uses arms), pushed back against a wall so it cannot slide. Sit tall, a bottle in each hand at shoulder height, palms facing each other.",Two water bottles; chair,SET-GARAGE,10–20,"M-08: knees over toes, neutral spine on hinges, chair against wall, shoes on, no rugs",,,,
160,15:38,DRV-seated_press-main,seated_press,Seated overhead press (to comfortable height),main,"Press the bottles up toward the ceiling, only as high as is comfortable. Lower slowly back to your shoulders.","Sturdy chair with no wheels and no arms (unless the easier version uses arms), pushed back against a wall so it cannot slide. Sit tall, a bottle in each hand at shoulder height, palms facing each other.",Two water bottles; chair,SET-GARAGE,10–20,"M-08: knees over toes, neutral spine on hinges, chair against wall, shoes on, no rugs",,,,
161,15:40,DRV-seated_press-harder,seated_press,Seated overhead press (to comfortable height),harder,Heavier bottles or a half-gallon jug in each hand; stand at the counter to press.,"Sturdy chair with no wheels and no arms (unless the easier version uses arms), pushed back against a wall so it cannot slide. Sit tall, a bottle in each hand at shoulder height, palms facing each other.",Two water bottles; chair,SET-GARAGE,10–20,"M-08: knees over toes, neutral spine on hinges, chair against wall, shoes on, no rugs",,,,
162,15:42,DRV-calf_stretch-easier,calf_stretch,Calf stretch at the wall,easier,Smaller step back.,"Stand facing a wall or counter, hands on it. Step one foot back, heel down.",Wall or counter,SET-GARAGE,10–20,"M-08: knees over toes, neutral spine on hinges, chair against wall, shoes on, no rugs",,,,
163,15:44,DRV-calf_stretch-main,calf_stretch,Calf stretch at the wall,main,"Bend the front knee and lean gently toward the wall until you feel a stretch in the back calf. Hold, breathing slowly. Switch legs.","Stand facing a wall or counter, hands on it. Step one foot back, heel down.",Wall or counter,SET-GARAGE,10–20,"M-08: knees over toes, neutral spine on hinges, chair against wall, shoes on, no rugs",,,,
164,15:46,DRV-calf_stretch-harder,calf_stretch,Calf stretch at the wall,harder,"Bigger step back, or bend the back knee slightly to reach the lower calf.","Stand facing a wall or counter, hands on it. Step one foot back, heel down.",Wall or counter,SET-GARAGE,10–20,"M-08: knees over toes, neutral spine on hinges, chair against wall, shoes on, no rugs",,,,
165,15:48,DRV-step_up-easier,step_up,Step-ups on the bottom stair,easier,"Toe taps: tap the step with one foot, then the other, holding the rail. Or use a lower step, like a sturdy doorway threshold.","Stand facing the bottom step of your stairs. Hold the handrail the whole time. Good light, no rug, shoes on.",Bottom stair with a handrail,SET-STOOP,10–20,"M-08: knees over toes, neutral spine on hinges, chair against wall, shoes on, no rugs",,,,
166,15:50,DRV-step_up-main,step_up,Step-ups on the bottom stair,main,"Step up with your right foot, placing the whole foot on the step. Push through that heel to bring your left foot up. Stand tall. Step down with the same leg you started with, slowly. Do all reps leading with one leg, then switch.","Stand facing the bottom step of your stairs. Hold the handrail the whole time. Good light, no rug, shoes on.",Bottom stair with a handrail,SET-STOOP,10–20,"M-08: knees over toes, neutral spine on hinges, chair against wall, shoes on, no rugs",,,,
167,15:52,DRV-step_up-harder,step_up,Step-ups on the bottom stair,harder,Step up without pushing off the bottom foot. Later: carry a light bag of groceries in the hand that isn't on the rail.,"Stand facing the bottom step of your stairs. Hold the handrail the whole time. Good light, no rug, shoes on.",Bottom stair with a handrail,SET-STOOP,10–20,"M-08: knees over toes, neutral spine on hinges, chair against wall, shoes on, no rugs",,,,
168,15:54,DRV-stair_climb-easier,stair_climb,Stair practice with the rail,easier,"Just the bottom 3 steps, up and down.","Stand at the bottom of the stairs. One hand on the rail the whole time. Shoes on, no clutter on the steps.","Stairs with a handrail, good light",SET-STOOP,10–20,"M-08: knees over toes, neutral spine on hinges, chair against wall, shoes on, no rugs",,,,
169,15:56,DRV-stair_climb-main,stair_climb,Stair practice with the rail,main,"Walk up one step at a time at a steady pace, whole foot on each step. At the top, turn carefully, holding the rail. Walk down, leading with your stronger leg if one is sore, rail in hand.","Stand at the bottom of the stairs. One hand on the rail the whole time. Shoes on, no clutter on the steps.","Stairs with a handrail, good light",SET-STOOP,10–20,"M-08: knees over toes, neutral spine on hinges, chair against wall, shoes on, no rugs",,,,
170,15:58,DRV-stair_climb-harder,stair_climb,Stair practice with the rail,harder,"Two flights, or carry a light bag in the free hand.","Stand at the bottom of the stairs. One hand on the rail the whole time. Shoes on, no clutter on the steps.","Stairs with a handrail, good light",SET-STOOP,10–20,"M-08: knees over toes, neutral spine on hinges, chair against wall, shoes on, no rugs",,,,
171,16:00,DRV-bed_bridge-easier,bed_bridge,Bridge on the bed,easier,Just squeeze your buttocks without lifting.,"Lie on your back on your bed, knees bent, feet flat, arms by your sides.",Your bed,SET-BED,10–20,"M-08: knees over toes, neutral spine on hinges, chair against wall, shoes on, no rugs",,,,
172,16:02,DRV-bed_bridge-main,bed_bridge,Bridge on the bed,main,Squeeze your buttocks and lift your hips a few inches. Hold one second. Lower slowly.,"Lie on your back on your bed, knees bent, feet flat, arms by your sides.",Your bed,SET-BED,10–20,"M-08: knees over toes, neutral spine on hinges, chair against wall, shoes on, no rugs",,,,
173,16:04,DRV-bed_bridge-harder,bed_bridge,Bridge on the bed,harder,"Hold three seconds at the top, or lift higher.","Lie on your back on your bed, knees bent, feet flat, arms by your sides.",Your bed,SET-BED,10–20,"M-08: knees over toes, neutral spine on hinges, chair against wall, shoes on, no rugs",,,,
174,16:16,DRV-clam_bed-easier,clam_bed,Side-lying clamshell on the bed,easier,Smaller lift.,"Lie on your side on the bed, knees bent, head on a pillow, hips stacked.",Your bed,SET-BED,10–20,"M-08: knees over toes, neutral spine on hinges, chair against wall, shoes on, no rugs",,,,
175,16:18,DRV-clam_bed-main,clam_bed,Side-lying clamshell on the bed,main,"Keeping your feet together, lift your top knee a few inches. Pause. Lower slowly. Do all reps, then turn over.","Lie on your side on the bed, knees bent, head on a pillow, hips stacked.",Your bed,SET-BED,10–20,"M-08: knees over toes, neutral spine on hinges, chair against wall, shoes on, no rugs",,,,
176,16:20,DRV-clam_bed-harder,clam_bed,Side-lying clamshell on the bed,harder,Loop a light band above your knees.,"Lie on your side on the bed, knees bent, head on a pillow, hips stacked.",Your bed,SET-BED,10–20,"M-08: knees over toes, neutral spine on hinges, chair against wall, shoes on, no rugs",,,,
177,16:22,DRV-knee_rock_bed-easier,knee_rock_bed,Knee rocks on the bed,easier,"A tiny movement, a few inches.","Lie on your back on the bed, knees bent, feet flat together, arms out to the sides.",Your bed,SET-BED,10–20,"M-08: knees over toes, neutral spine on hinges, chair against wall, shoes on, no rugs",,,,
178,16:24,DRV-knee_rock_bed-main,knee_rock_bed,Knee rocks on the bed,main,"Let both knees drift gently to the right, only as far as comfortable. Bring them back to the middle. Drift to the left.","Lie on your back on the bed, knees bent, feet flat together, arms out to the sides.",Your bed,SET-BED,10–20,"M-08: knees over toes, neutral spine on hinges, chair against wall, shoes on, no rugs",,,,
179,16:26,DRV-knee_rock_bed-harder,knee_rock_bed,Knee rocks on the bed,harder,Pause for one slow breath on each side.,"Lie on your back on the bed, knees bent, feet flat together, arms out to the sides.",Your bed,SET-BED,10–20,"M-08: knees over toes, neutral spine on hinges, chair against wall, shoes on, no rugs",,,,
180,16:28,DRV-pelvic_tilt_bed-easier,pelvic_tilt_bed,Pelvic tilt on the bed,easier,"An even smaller movement, one-second hold.","Lie on your back on your bed, knees bent, feet flat.",Your bed,SET-BED,10–20,"M-08: knees over toes, neutral spine on hinges, chair against wall, shoes on, no rugs",,,,
181,16:30,DRV-pelvic_tilt_bed-main,pelvic_tilt_bed,Pelvic tilt on the bed,main,Gently flatten your lower back into the mattress by tightening your belly. Hold two seconds. Relax back to your natural curve.,"Lie on your back on your bed, knees bent, feet flat.",Your bed,SET-BED,10–20,"M-08: knees over toes, neutral spine on hinges, chair against wall, shoes on, no rugs",,,,
182,16:32,DRV-pelvic_tilt_bed-harder,pelvic_tilt_bed,Pelvic tilt on the bed,harder,Hold five seconds.,"Lie on your back on your bed, knees bent, feet flat.",Your bed,SET-BED,10–20,"M-08: knees over toes, neutral spine on hinges, chair against wall, shoes on, no rugs",,,,
183,16:34,DRV-wrist_curl-easier,wrist_curl,Wrist curls with a bottle,easier,"An empty bottle, or no weight.","Sit, forearm resting on the table, hand over the edge, palm up, holding the bottle.",A full water bottle; table,SET-TABLE,10–20,"M-08: knees over toes, neutral spine on hinges, chair against wall, shoes on, no rugs",,,,
184,16:36,DRV-wrist_curl-main,wrist_curl,Wrist curls with a bottle,main,Curl your wrist up. Lower slowly. Then turn palm down and lift the back of the hand.,"Sit, forearm resting on the table, hand over the edge, palm up, holding the bottle.",A full water bottle; table,SET-TABLE,10–20,"M-08: knees over toes, neutral spine on hinges, chair against wall, shoes on, no rugs",,,,
185,16:38,DRV-wrist_curl-harder,wrist_curl,Wrist curls with a bottle,harder,A half-full half-gallon jug.,"Sit, forearm resting on the table, hand over the edge, palm up, holding the bottle.",A full water bottle; table,SET-TABLE,10–20,"M-08: knees over toes, neutral spine on hinges, chair against wall, shoes on, no rugs",,,,
186,16:40,DRV-book_pinch-easier,book_pinch,Book pinch hold,easier,"A thinner, lighter book, 5 seconds.","Sit or stand tall. Hold a paperback by its spine between your thumb and fingers, letting it hang.",A paperback book,SET-TABLE,10–20,"M-08: knees over toes, neutral spine on hinges, chair against wall, shoes on, no rugs",,,,
187,16:42,DRV-book_pinch-main,book_pinch,Book pinch hold,main,Pinch and hold. Put it down before your grip gives out. Switch hands.,"Sit or stand tall. Hold a paperback by its spine between your thumb and fingers, letting it hang.",A paperback book,SET-TABLE,10–20,"M-08: knees over toes, neutral spine on hinges, chair against wall, shoes on, no rugs",,,,
188,16:44,DRV-book_pinch-harder,book_pinch,Book pinch hold,harder,"A thicker book, up to 20 seconds.","Sit or stand tall. Hold a paperback by its spine between your thumb and fingers, letting it hang.",A paperback book,SET-TABLE,10–20,"M-08: knees over toes, neutral spine on hinges, chair against wall, shoes on, no rugs",,,,
189,16:46,DRV-ball_squeeze-easier,ball_squeeze,Soft ball squeeze,easier,"A rolled sock, gentle squeeze.","Sit, holding a soft ball in one hand.",A soft ball or rolled sock,SET-TABLE,10–20,"M-08: knees over toes, neutral spine on hinges, chair against wall, shoes on, no rugs",,,,
190,16:48,DRV-ball_squeeze-main,ball_squeeze,Soft ball squeeze,main,Squeeze gently for 3 seconds. Relax fully. Switch hands after the set.,"Sit, holding a soft ball in one hand.",A soft ball or rolled sock,SET-TABLE,10–20,"M-08: knees over toes, neutral spine on hinges, chair against wall, shoes on, no rugs",,,,
191,16:50,DRV-ball_squeeze-harder,ball_squeeze,Soft ball squeeze,harder,"A firmer ball, 5-second squeeze.","Sit, holding a soft ball in one hand.",A soft ball or rolled sock,SET-TABLE,10–20,"M-08: knees over toes, neutral spine on hinges, chair against wall, shoes on, no rugs",,,,
192,16:52,DRV-finger_spread-easier,finger_spread,Finger spreads,easier,"No band, smaller spread.","Sit at a table, forearms resting on it.",A thick rubber band (optional); table,SET-TABLE,10–20,"M-08: knees over toes, neutral spine on hinges, chair against wall, shoes on, no rugs",,,,
193,16:54,DRV-finger_spread-main,finger_spread,Finger spreads,main,Spread all five fingers as wide as comfortable. Hold two seconds. Bring them back together.,"Sit at a table, forearms resting on it.",A thick rubber band (optional); table,SET-TABLE,10–20,"M-08: knees over toes, neutral spine on hinges, chair against wall, shoes on, no rugs",,,,
194,16:56,DRV-finger_spread-harder,finger_spread,Finger spreads,harder,Loop a thick rubber band around the fingers and thumb and spread against it.,"Sit at a table, forearms resting on it.",A thick rubber band (optional); table,SET-TABLE,10–20,"M-08: knees over toes, neutral spine on hinges, chair against wall, shoes on, no rugs",,,,
195,16:58,DRV-jar_twist-easier,jar_twist,Jar lid practice,easier,A loose lid.,"Sit at a table. Hold the jar steady with one hand, a towel under it so it doesn't slide.","An empty jar with a screw lid, a dish towel",SET-TABLE,10–20,"M-08: knees over toes, neutral spine on hinges, chair against wall, shoes on, no rugs",,,,
196,17:00,DRV-jar_twist-main,jar_twist,Jar lid practice,main,Screw the lid on firmly. Twist it open. Switch hands for holding and turning.,"Sit at a table. Hold the jar steady with one hand, a towel under it so it doesn't slide.","An empty jar with a screw lid, a dish towel",SET-TABLE,10–20,"M-08: knees over toes, neutral spine on hinges, chair against wall, shoes on, no rugs",,,,
197,17:02,DRV-jar_twist-harder,jar_twist,Jar lid practice,harder,Wrap a rubber band around the lid and screw it tighter each week.,"Sit at a table. Hold the jar steady with one hand, a towel under it so it doesn't slide.","An empty jar with a screw lid, a dish towel",SET-TABLE,10–20,"M-08: knees over toes, neutral spine on hinges, chair against wall, shoes on, no rugs",,,,
198,17:04,DRV-hand_stretch-easier,hand_stretch,Prayer and wrist stretch,easier,"Smaller stretch, 10 seconds.",Sit tall.,None,SET-TABLE,10–20,"M-08: knees over toes, neutral spine on hinges, chair against wall, shoes on, no rugs",,,,
199,17:16,DRV-hand_stretch-main,hand_stretch,Prayer and wrist stretch,main,Press your palms together in front of your chest. Lower your hands a little until you feel a gentle stretch in the wrists. Hold. Then shake the hands out.,Sit tall.,None,SET-TABLE,10–20,"M-08: knees over toes, neutral spine on hinges, chair against wall, shoes on, no rugs",,,,
200,17:18,DRV-fist_flat-easier,fist_flat,"Fist, flat, hook",easier,"Smaller movements, fewer reps.","Sit at a table, forearm resting on it, hand relaxed.",Table,SET-TABLE,10–20,"M-08: knees over toes, neutral spine on hinges, chair against wall, shoes on, no rugs",,,,
201,17:20,DRV-fist_flat-main,fist_flat,"Fist, flat, hook",main,"Make a gentle fist, thumb outside. Open to a flat hand, fingers straight. Bend just the finger tips into a hook. Back to flat.","Sit at a table, forearm resting on it, hand relaxed.",Table,SET-TABLE,10–20,"M-08: knees over toes, neutral spine on hinges, chair against wall, shoes on, no rugs",,,,
202,17:22,DRV-fist_flat-harder,fist_flat,"Fist, flat, hook",harder,Hold each shape for 3 seconds.,"Sit at a table, forearm resting on it, hand relaxed.",Table,SET-TABLE,10–20,"M-08: knees over toes, neutral spine on hinges, chair against wall, shoes on, no rugs",,,,
203,17:24,DRV-thumb_touch-easier,thumb_touch,Thumb touches,easier,Touch the pad of each finger instead of the tip.,"Sit, forearm resting on a table.",Table,SET-TABLE,10–20,"M-08: knees over toes, neutral spine on hinges, chair against wall, shoes on, no rugs",,,,
204,17:26,DRV-thumb_touch-main,thumb_touch,Thumb touches,main,"Touch your thumb to the tip of each finger, one at a time, making an O. Then back from little finger to index.","Sit, forearm resting on a table.",Table,SET-TABLE,10–20,"M-08: knees over toes, neutral spine on hinges, chair against wall, shoes on, no rugs",,,,
205,17:28,DRV-thumb_touch-harder,thumb_touch,Thumb touches,harder,Press each touch gently for 2 seconds.,"Sit, forearm resting on a table.",Table,SET-TABLE,10–20,"M-08: knees over toes, neutral spine on hinges, chair against wall, shoes on, no rugs",,,,
