job_id,priority,video_id,shot_id,render_mode,duration_s,set_code,wardrobe_code,refs,driving_clip_id,due
DP01-S01,P0,DP01,DP01-S01,talking_head,35,SET-GARAGE,C-TRAIN-A,C01 C02 C07,,D−10 to D−1 (before go-live)
DP01-S02-ankle_pumps-main,P0,DP01,DP01-S02,performer_driving_video,20,SET-GARAGE,C-TRAIN-A,C01 C02 C07,DRV-ankle_pumps-main,D−10 to D−1 (before go-live)
DP01-S03-seated_march-main,P0,DP01,DP01-S03,performer_driving_video,40,SET-GARAGE,C-TRAIN-A,C01 C02 C07,DRV-seated_march-main,D−10 to D−1 (before go-live)
DP01-S03-standing_march-main,P0,DP01,DP01-S03,performer_driving_video,40,SET-GARAGE,C-TRAIN-A,C01 C02 C07,DRV-standing_march-main,D−10 to D−1 (before go-live)
DP01-S03-standing_march-harder,P0,DP01,DP01-S03,performer_driving_video,40,SET-GARAGE,C-TRAIN-A,C01 C02 C07,DRV-standing_march-harder,D−10 to D−1 (before go-live)
DP01-S04-shoulder_rolls-main,P0,DP01,DP01-S04,performer_driving_video,20,SET-GARAGE,C-TRAIN-A,C01 C02 C07,DRV-shoulder_rolls-main,D−10 to D−1 (before go-live)
DP01-S04-shoulder_rolls-harder,P0,DP01,DP01-S04,performer_driving_video,20,SET-GARAGE,C-TRAIN-A,C01 C02 C07,DRV-shoulder_rolls-harder,D−10 to D−1 (before go-live)
DP01-S05-sit_to_stand-easier,P0,DP01,DP01-S05,performer_driving_video,140,SET-GARAGE,C-TRAIN-A,C01 C02 C07,DRV-sit_to_stand-easier,D−10 to D−1 (before go-live)
DP01-S05-sit_to_stand-main,P0,DP01,DP01-S05,performer_driving_video,140,SET-GARAGE,C-TRAIN-A,C01 C02 C07,DRV-sit_to_stand-main,D−10 to D−1 (before go-live)
DP01-S05-sit_to_stand-harder,P0,DP01,DP01-S05,performer_driving_video,140,SET-GARAGE,C-TRAIN-A,C01 C02 C07,DRV-sit_to_stand-harder,D−10 to D−1 (before go-live)
DP01-S06-seated_chest_press-main,P0,DP01,DP01-S06,performer_driving_video,110,SET-GARAGE,C-TRAIN-A,C01 C02 C07,DRV-seated_chest_press-main,D−10 to D−1 (before go-live)
DP01-S06-wall_pushup-main,P0,DP01,DP01-S06,performer_driving_video,110,SET-GARAGE,C-TRAIN-A,C01 C02 C07,DRV-wall_pushup-main,D−10 to D−1 (before go-live)
DP01-S06-wall_pushup-harder,P0,DP01,DP01-S06,performer_driving_video,110,SET-GARAGE,C-TRAIN-A,C01 C02 C07,DRV-wall_pushup-harder,D−10 to D−1 (before go-live)
DP01-S06-counter_pushup-harder,P0,DP01,DP01-S06,performer_driving_video,110,SET-GARAGE,C-TRAIN-A,C01 C02 C07,DRV-counter_pushup-harder,D−10 to D−1 (before go-live)
DP01-S07-heel_raise-easier,P0,DP01,DP01-S07,performer_driving_video,60,SET-GARAGE,C-TRAIN-A,C01 C02 C07,DRV-heel_raise-easier,D−10 to D−1 (before go-live)
DP01-S07-heel_raise-main,P0,DP01,DP01-S07,performer_driving_video,60,SET-GARAGE,C-TRAIN-A,C01 C02 C07,DRV-heel_raise-main,D−10 to D−1 (before go-live)
DP01-S07-heel_raise-harder,P0,DP01,DP01-S07,performer_driving_video,60,SET-GARAGE,C-TRAIN-A,C01 C02 C07,DRV-heel_raise-harder,D−10 to D−1 (before go-live)
DP01-S08-towel_row-main,P0,DP01,DP01-S08,performer_driving_video,100,SET-GARAGE,C-TRAIN-A,C01 C02 C07,DRV-towel_row-main,D−10 to D−1 (before go-live)
DP01-S08-jug_row-main,P0,DP01,DP01-S08,performer_driving_video,100,SET-GARAGE,C-TRAIN-A,C01 C02 C07,DRV-jug_row-main,D−10 to D−1 (before go-live)
DP01-S08-jug_row-harder,P0,DP01,DP01-S08,performer_driving_video,100,SET-GARAGE,C-TRAIN-A,C01 C02 C07,DRV-jug_row-harder,D−10 to D−1 (before go-live)
DP01-S09-seated_knee_ext-main,P0,DP01,DP01-S09,performer_driving_video,55,SET-GARAGE,C-TRAIN-A,C01 C02 C07,DRV-seated_knee_ext-main,D−10 to D−1 (before go-live)
DP01-S09-wall_sit_high-main,P0,DP01,DP01-S09,performer_driving_video,55,SET-GARAGE,C-TRAIN-A,C01 C02 C07,DRV-wall_sit_high-main,D−10 to D−1 (before go-live)
DP01-S09-wall_sit_high-harder,P0,DP01,DP01-S09,performer_driving_video,55,SET-GARAGE,C-TRAIN-A,C01 C02 C07,DRV-wall_sit_high-harder,D−10 to D−1 (before go-live)
DP01-S10-calf_stretch-easier,P0,DP01,DP01-S10,performer_driving_video,70,SET-GARAGE,C-TRAIN-A,C01 C02 C07,DRV-calf_stretch-easier,D−10 to D−1 (before go-live)
DP01-S10-calf_stretch-main,P0,DP01,DP01-S10,performer_driving_video,70,SET-GARAGE,C-TRAIN-A,C01 C02 C07,DRV-calf_stretch-main,D−10 to D−1 (before go-live)
DP01-S10-calf_stretch-harder,P0,DP01,DP01-S10,performer_driving_video,70,SET-GARAGE,C-TRAIN-A,C01 C02 C07,DRV-calf_stretch-harder,D−10 to D−1 (before go-live)
DP01-S11,P0,DP01,DP01-S11,talking_head,25,SET-GARAGE,C-TRAIN-A,C01 C02 C07,,D−10 to D−1 (before go-live)
DP02-S01,P0,DP02,DP02-S01,talking_head,35,SET-LIVING,C-CASUAL,C01 C02 C03 S01 S02,,D−10 to D−1 (before go-live)
DP02-S02-ankle_pumps-main,P0,DP02,DP02-S02,performer_driving_video,30,SET-LIVING,C-CASUAL,C01 C02 C03,DRV-ankle_pumps-main,D−10 to D−1 (before go-live)
DP02-S02-ankle_pumps-harder,P0,DP02,DP02-S02,performer_driving_video,30,SET-LIVING,C-CASUAL,C01 C02 C03,DRV-ankle_pumps-harder,D−10 to D−1 (before go-live)
DP02-S03-neck_nods-easier,P0,DP02,DP02-S03,performer_driving_video,45,SET-LIVING,C-CASUAL,C01 C02 C03,DRV-neck_nods-easier,D−10 to D−1 (before go-live)
DP02-S03-neck_nods-main,P0,DP02,DP02-S03,performer_driving_video,45,SET-LIVING,C-CASUAL,C01 C02 C03,DRV-neck_nods-main,D−10 to D−1 (before go-live)
DP02-S03-neck_nods-harder,P0,DP02,DP02-S03,performer_driving_video,45,SET-LIVING,C-CASUAL,C01 C02 C03,DRV-neck_nods-harder,D−10 to D−1 (before go-live)
DP02-S04-chest_lift-easier,P0,DP02,DP02-S04,performer_driving_video,40,SET-LIVING,C-CASUAL,C01 C02 C03,DRV-chest_lift-easier,D−10 to D−1 (before go-live)
DP02-S04-chest_lift-main,P0,DP02,DP02-S04,performer_driving_video,40,SET-LIVING,C-CASUAL,C01 C02 C03,DRV-chest_lift-main,D−10 to D−1 (before go-live)
DP02-S04-chest_lift-harder,P0,DP02,DP02-S04,performer_driving_video,40,SET-LIVING,C-CASUAL,C01 C02 C03,DRV-chest_lift-harder,D−10 to D−1 (before go-live)
DP02-S05-seated_rotation-easier,P0,DP02,DP02-S05,performer_driving_video,50,SET-LIVING,C-CASUAL,C01 C02 C03,DRV-seated_rotation-easier,D−10 to D−1 (before go-live)
DP02-S05-seated_rotation-main,P0,DP02,DP02-S05,performer_driving_video,50,SET-LIVING,C-CASUAL,C01 C02 C03,DRV-seated_rotation-main,D−10 to D−1 (before go-live)
DP02-S05-seated_rotation-harder,P0,DP02,DP02-S05,performer_driving_video,50,SET-LIVING,C-CASUAL,C01 C02 C03,DRV-seated_rotation-harder,D−10 to D−1 (before go-live)
DP02-S06-hamstring_seated-easier,P0,DP02,DP02-S06,performer_driving_video,60,SET-LIVING,C-CASUAL,C01 C02 C03,DRV-hamstring_seated-easier,D−10 to D−1 (before go-live)
DP02-S06-hamstring_seated-main,P0,DP02,DP02-S06,performer_driving_video,60,SET-LIVING,C-CASUAL,C01 C02 C03,DRV-hamstring_seated-main,D−10 to D−1 (before go-live)
DP02-S06-hamstring_seated-harder,P0,DP02,DP02-S06,performer_driving_video,60,SET-LIVING,C-CASUAL,C01 C02 C03,DRV-hamstring_seated-harder,D−10 to D−1 (before go-live)
DP02-S07-figure4-easier,P0,DP02,DP02-S07,performer_driving_video,50,SET-LIVING,C-CASUAL,C01 C02 C03,DRV-figure4-easier,D−10 to D−1 (before go-live)
DP02-S07-figure4-main,P0,DP02,DP02-S07,performer_driving_video,50,SET-LIVING,C-CASUAL,C01 C02 C03,DRV-figure4-main,D−10 to D−1 (before go-live)
DP02-S07-figure4-harder,P0,DP02,DP02-S07,performer_driving_video,50,SET-LIVING,C-CASUAL,C01 C02 C03,DRV-figure4-harder,D−10 to D−1 (before go-live)
DP02-S08-hip_flexor-easier,P0,DP02,DP02-S08,performer_driving_video,60,SET-LIVING,C-CASUAL,C01 C02 C03 S01 S02,DRV-hip_flexor-easier,D−10 to D−1 (before go-live)
DP02-S08-hip_flexor-main,P0,DP02,DP02-S08,performer_driving_video,60,SET-LIVING,C-CASUAL,C01 C02 C03 S01 S02,DRV-hip_flexor-main,D−10 to D−1 (before go-live)
DP02-S08-hip_flexor-harder,P0,DP02,DP02-S08,performer_driving_video,60,SET-LIVING,C-CASUAL,C01 C02 C03 S01 S02,DRV-hip_flexor-harder,D−10 to D−1 (before go-live)
DP02-S09-calf_stretch-easier,P0,DP02,DP02-S09,performer_driving_video,45,SET-LIVING,C-CASUAL,C01 C02 C03,DRV-calf_stretch-easier,D−10 to D−1 (before go-live)
DP02-S09-calf_stretch-main,P0,DP02,DP02-S09,performer_driving_video,45,SET-LIVING,C-CASUAL,C01 C02 C03,DRV-calf_stretch-main,D−10 to D−1 (before go-live)
DP02-S09-calf_stretch-harder,P0,DP02,DP02-S09,performer_driving_video,45,SET-LIVING,C-CASUAL,C01 C02 C03,DRV-calf_stretch-harder,D−10 to D−1 (before go-live)
DP02-S10-standing_birddog-easier,P0,DP02,DP02-S10,performer_driving_video,50,SET-LIVING,C-CASUAL,C01 C02 C03,DRV-standing_birddog-easier,D−10 to D−1 (before go-live)
DP02-S10-standing_birddog-main,P0,DP02,DP02-S10,performer_driving_video,50,SET-LIVING,C-CASUAL,C01 C02 C03,DRV-standing_birddog-main,D−10 to D−1 (before go-live)
DP02-S10-standing_birddog-harder,P0,DP02,DP02-S10,performer_driving_video,50,SET-LIVING,C-CASUAL,C01 C02 C03,DRV-standing_birddog-harder,D−10 to D−1 (before go-live)
DP02-S11-wall_slide-easier,P0,DP02,DP02-S11,performer_driving_video,40,SET-LIVING,C-CASUAL,C01 C02 C03,DRV-wall_slide-easier,D−10 to D−1 (before go-live)
DP02-S11-wall_slide-main,P0,DP02,DP02-S11,performer_driving_video,40,SET-LIVING,C-CASUAL,C01 C02 C03,DRV-wall_slide-main,D−10 to D−1 (before go-live)
DP02-S11-wall_slide-harder,P0,DP02,DP02-S11,performer_driving_video,40,SET-LIVING,C-CASUAL,C01 C02 C03,DRV-wall_slide-harder,D−10 to D−1 (before go-live)
DP02-S12,P0,DP02,DP02-S12,talking_head_seated_breath,60,SET-LIVING,C-CASUAL,C01 C02 C03,,D−10 to D−1 (before go-live)
DP02-S13,P0,DP02,DP02-S13,talking_head,25,SET-LIVING,C-CASUAL,C01 C02 C03 S01 S02,,D−10 to D−1 (before go-live)
DP03-S01,P0,DP03,DP03-S01,talking_head,35,SET-KITCHEN,C-TRAIN-B,C01 C02 C14,,D−10 to D−1 (before go-live)
DP03-S02-weight_shift-easier,P0,DP03,DP03-S02,performer_driving_video,45,SET-KITCHEN,C-TRAIN-B,C01 C02 C14,DRV-weight_shift-easier,D−10 to D−1 (before go-live)
DP03-S02-weight_shift-main,P0,DP03,DP03-S02,performer_driving_video,45,SET-KITCHEN,C-TRAIN-B,C01 C02 C14,DRV-weight_shift-main,D−10 to D−1 (before go-live)
DP03-S02-weight_shift-harder,P0,DP03,DP03-S02,performer_driving_video,45,SET-KITCHEN,C-TRAIN-B,C01 C02 C14,DRV-weight_shift-harder,D−10 to D−1 (before go-live)
DP03-S03-tandem_stand-easier,P0,DP03,DP03-S03,performer_driving_video,75,SET-KITCHEN,C-TRAIN-B,C01 C02 C14,DRV-tandem_stand-easier,D−10 to D−1 (before go-live)
DP03-S03-tandem_stand-main,P0,DP03,DP03-S03,performer_driving_video,75,SET-KITCHEN,C-TRAIN-B,C01 C02 C14,DRV-tandem_stand-main,D−10 to D−1 (before go-live)
DP03-S03-tandem_stand-harder,P0,DP03,DP03-S03,performer_driving_video,75,SET-KITCHEN,C-TRAIN-B,C01 C02 C14,DRV-tandem_stand-harder,D−10 to D−1 (before go-live)
DP03-S04-single_leg-easier,P0,DP03,DP03-S04,performer_driving_video,75,SET-KITCHEN,C-TRAIN-B,C01 C02 C14,DRV-single_leg-easier,D−10 to D−1 (before go-live)
DP03-S04-single_leg-main,P0,DP03,DP03-S04,performer_driving_video,75,SET-KITCHEN,C-TRAIN-B,C01 C02 C14,DRV-single_leg-main,D−10 to D−1 (before go-live)
DP03-S04-single_leg-harder,P0,DP03,DP03-S04,performer_driving_video,75,SET-KITCHEN,C-TRAIN-B,C01 C02 C14,DRV-single_leg-harder,D−10 to D−1 (before go-live)
DP03-S05-heel_toe_walk-easier,P0,DP03,DP03-S05,performer_driving_video,60,SET-KITCHEN,C-TRAIN-B,C01 C02 C14,DRV-heel_toe_walk-easier,D−10 to D−1 (before go-live)
DP03-S05-heel_toe_walk-main,P0,DP03,DP03-S05,performer_driving_video,60,SET-KITCHEN,C-TRAIN-B,C01 C02 C14,DRV-heel_toe_walk-main,D−10 to D−1 (before go-live)
DP03-S05-heel_toe_walk-harder,P0,DP03,DP03-S05,performer_driving_video,60,SET-KITCHEN,C-TRAIN-B,C01 C02 C14,DRV-heel_toe_walk-harder,D−10 to D−1 (before go-live)
DP03-S06-side_step-easier,P0,DP03,DP03-S06,performer_driving_video,50,SET-KITCHEN,C-TRAIN-B,C01 C02 C14,DRV-side_step-easier,D−10 to D−1 (before go-live)
DP03-S06-side_step-main,P0,DP03,DP03-S06,performer_driving_video,50,SET-KITCHEN,C-TRAIN-B,C01 C02 C14,DRV-side_step-main,D−10 to D−1 (before go-live)
DP03-S06-side_step-harder,P0,DP03,DP03-S06,performer_driving_video,50,SET-KITCHEN,C-TRAIN-B,C01 C02 C14,DRV-side_step-harder,D−10 to D−1 (before go-live)
DP03-S07-sit_to_stand-easier,P0,DP03,DP03-S07,performer_driving_video,50,SET-KITCHEN,C-TRAIN-B,C01 C02 C14,DRV-sit_to_stand-easier,D−10 to D−1 (before go-live)
DP03-S07-sit_stand_nohands-main,P0,DP03,DP03-S07,performer_driving_video,50,SET-KITCHEN,C-TRAIN-B,C01 C02 C14,DRV-sit_stand_nohands-main,D−10 to D−1 (before go-live)
DP03-S07-sit_stand_nohands-harder,P0,DP03,DP03-S07,performer_driving_video,50,SET-KITCHEN,C-TRAIN-B,C01 C02 C14,DRV-sit_stand_nohands-harder,D−10 to D−1 (before go-live)
DP03-S08-clock_reach-easier,P0,DP03,DP03-S08,performer_driving_video,50,SET-KITCHEN,C-TRAIN-B,C01 C02 C14,DRV-clock_reach-easier,D−10 to D−1 (before go-live)
DP03-S08-clock_reach-main,P0,DP03,DP03-S08,performer_driving_video,50,SET-KITCHEN,C-TRAIN-B,C01 C02 C14,DRV-clock_reach-main,D−10 to D−1 (before go-live)
DP03-S08-clock_reach-harder,P0,DP03,DP03-S08,performer_driving_video,50,SET-KITCHEN,C-TRAIN-B,C01 C02 C14,DRV-clock_reach-harder,D−10 to D−1 (before go-live)
DP03-S09-heel_raise-easier,P0,DP03,DP03-S09,performer_driving_video,40,SET-KITCHEN,C-TRAIN-B,C01 C02 C14,DRV-heel_raise-easier,D−10 to D−1 (before go-live)
DP03-S09-heel_raise-main,P0,DP03,DP03-S09,performer_driving_video,40,SET-KITCHEN,C-TRAIN-B,C01 C02 C14,DRV-heel_raise-main,D−10 to D−1 (before go-live)
DP03-S09-heel_raise-harder,P0,DP03,DP03-S09,performer_driving_video,40,SET-KITCHEN,C-TRAIN-B,C01 C02 C14,DRV-heel_raise-harder,D−10 to D−1 (before go-live)
DP03-S10,P0,DP03,DP03-S10,talking_head_seated_breath,30,SET-KITCHEN,C-TRAIN-B,C01 C02 C14,,D−10 to D−1 (before go-live)
DP03-S11,P0,DP03,DP03-S11,talking_head,25,SET-KITCHEN,C-TRAIN-B,C01 C02 C14,,D−10 to D−1 (before go-live)
DP04-S01,P0,DP04,DP04-S01,talking_head,35,SET-GARAGE,C-TRAIN-A,C01 C02 C07,,D−10 to D−1 (before go-live)
DP04-S02-seated_march-main,P0,DP04,DP04-S02,performer_driving_video,40,SET-GARAGE,C-TRAIN-A,C01 C02 C07,DRV-seated_march-main,D−10 to D−1 (before go-live)
DP04-S02-standing_march-main,P0,DP04,DP04-S02,performer_driving_video,40,SET-GARAGE,C-TRAIN-A,C01 C02 C07,DRV-standing_march-main,D−10 to D−1 (before go-live)
DP04-S02-standing_march-harder,P0,DP04,DP04-S02,performer_driving_video,40,SET-GARAGE,C-TRAIN-A,C01 C02 C07,DRV-standing_march-harder,D−10 to D−1 (before go-live)
DP04-S03-shoulder_rolls-main,P0,DP04,DP04-S03,performer_driving_video,25,SET-GARAGE,C-TRAIN-A,C01 C02 C07,DRV-shoulder_rolls-main,D−10 to D−1 (before go-live)
DP04-S03-shoulder_rolls-harder,P0,DP04,DP04-S03,performer_driving_video,25,SET-GARAGE,C-TRAIN-A,C01 C02 C07,DRV-shoulder_rolls-harder,D−10 to D−1 (before go-live)
DP04-S04-sit_to_stand-easier,P0,DP04,DP04-S04,performer_driving_video,30,SET-GARAGE,C-TRAIN-A,C01 C02 C07,DRV-sit_to_stand-easier,D−10 to D−1 (before go-live)
DP04-S04-sit_to_stand-main,P0,DP04,DP04-S04,performer_driving_video,30,SET-GARAGE,C-TRAIN-A,C01 C02 C07,DRV-sit_to_stand-main,D−10 to D−1 (before go-live)
DP04-S05-sit_to_stand-easier,P0,DP04,DP04-S05,performer_driving_video,110,SET-GARAGE,C-TRAIN-A,C01 C02 C07,DRV-sit_to_stand-easier,D−10 to D−1 (before go-live)
DP04-S05-power_stand-main,P0,DP04,DP04-S05,performer_driving_video,110,SET-GARAGE,C-TRAIN-A,C01 C02 C07,DRV-power_stand-main,D−10 to D−1 (before go-live)
DP04-S05-power_stand-harder,P0,DP04,DP04-S05,performer_driving_video,110,SET-GARAGE,C-TRAIN-A,C01 C02 C07,DRV-power_stand-harder,D−10 to D−1 (before go-live)
DP04-S06-seated_march-harder,P0,DP04,DP04-S06,performer_driving_video,110,SET-GARAGE,C-TRAIN-A,C01 C02 C07,DRV-seated_march-harder,D−10 to D−1 (before go-live)
DP04-S06-step_up-easier,P0,DP04,DP04-S06,performer_driving_video,110,SET-STOOP,C-TRAIN-A,C01 C02 C07,DRV-step_up-easier,D−10 to D−1 (before go-live)
DP04-S06-step_up-main,P0,DP04,DP04-S06,performer_driving_video,110,SET-STOOP,C-TRAIN-A,C01 C02 C07,DRV-step_up-main,D−10 to D−1 (before go-live)
DP04-S06-step_up-harder,P0,DP04,DP04-S06,performer_driving_video,110,SET-STOOP,C-TRAIN-A,C01 C02 C07,DRV-step_up-harder,D−10 to D−1 (before go-live)
DP04-S07-seated_hinge-main,P0,DP04,DP04-S07,performer_driving_video,80,SET-GARAGE,C-TRAIN-A,C01 C02 C07,DRV-seated_hinge-main,D−10 to D−1 (before go-live)
DP04-S07-hip_hinge-main,P0,DP04,DP04-S07,performer_driving_video,80,SET-GARAGE,C-TRAIN-A,C01 C02 C07,DRV-hip_hinge-main,D−10 to D−1 (before go-live)
DP04-S07-hip_hinge-harder,P0,DP04,DP04-S07,performer_driving_video,80,SET-GARAGE,C-TRAIN-A,C01 C02 C07,DRV-hip_hinge-harder,D−10 to D−1 (before go-live)
DP04-S08-bottle_curl-main,P0,DP04,DP04-S08,performer_driving_video,60,SET-GARAGE,C-TRAIN-A,C01 C02 C07 S01 S02,DRV-bottle_curl-main,D−10 to D−1 (before go-live)
DP04-S08-bottle_curl-harder,P0,DP04,DP04-S08,performer_driving_video,60,SET-GARAGE,C-TRAIN-A,C01 C02 C07 S01 S02,DRV-bottle_curl-harder,D−10 to D−1 (before go-live)
DP04-S09-towel_wring-main,P0,DP04,DP04-S09,performer_driving_video,60,SET-GARAGE,C-TRAIN-A,C01 C02 C07,DRV-towel_wring-main,D−10 to D−1 (before go-live)
DP04-S09-carry-easier,P0,DP04,DP04-S09,performer_driving_video,60,SET-GARAGE,C-TRAIN-A,C01 C02 C07,DRV-carry-easier,D−10 to D−1 (before go-live)
DP04-S09-carry-main,P0,DP04,DP04-S09,performer_driving_video,60,SET-GARAGE,C-TRAIN-A,C01 C02 C07,DRV-carry-main,D−10 to D−1 (before go-live)
DP04-S09-carry-harder,P0,DP04,DP04-S09,performer_driving_video,60,SET-GARAGE,C-TRAIN-A,C01 C02 C07,DRV-carry-harder,D−10 to D−1 (before go-live)
DP04-S10-towel_wring-easier,P0,DP04,DP04-S10,performer_driving_video,40,SET-GARAGE,C-TRAIN-A,C01 C02 C07,DRV-towel_wring-easier,D−10 to D−1 (before go-live)
DP04-S10-towel_wring-main,P0,DP04,DP04-S10,performer_driving_video,40,SET-GARAGE,C-TRAIN-A,C01 C02 C07,DRV-towel_wring-main,D−10 to D−1 (before go-live)
DP04-S10-towel_wring-harder,P0,DP04,DP04-S10,performer_driving_video,40,SET-GARAGE,C-TRAIN-A,C01 C02 C07,DRV-towel_wring-harder,D−10 to D−1 (before go-live)
DP04-S11-chest_lift-main,P0,DP04,DP04-S11,performer_driving_video,60,SET-GARAGE,C-TRAIN-A,C01 C02 C07,DRV-chest_lift-main,D−10 to D−1 (before go-live)
DP04-S12,P0,DP04,DP04-S12,talking_head,25,SET-GARAGE,C-TRAIN-A,C01 C02 C07,,D−10 to D−1 (before go-live)
DP05-S01,P0,DP05,DP05-S01,talking_head,35,SET-PROM,C-TRAIN-B,C01 C02 C14,,D−10 to D−1 (before go-live)
DP05-S02,P0,DP05,DP05-S02,talking_head_seated_breath,120,SET-PROM,C-TRAIN-B,C01 C02 C14,,D−10 to D−1 (before go-live)
DP05-S03-sky_lift-easier,P0,DP05,DP05-S03,performer_driving_video,60,SET-PROM,C-TRAIN-B,C01 C02 C14,DRV-sky_lift-easier,D−10 to D−1 (before go-live)
DP05-S03-sky_lift-main,P0,DP05,DP05-S03,performer_driving_video,60,SET-PROM,C-TRAIN-B,C01 C02 C14,DRV-sky_lift-main,D−10 to D−1 (before go-live)
DP05-S03-sky_lift-harder,P0,DP05,DP05-S03,performer_driving_video,60,SET-PROM,C-TRAIN-B,C01 C02 C14,DRV-sky_lift-harder,D−10 to D−1 (before go-live)
DP05-S04-draw_bow-easier,P0,DP05,DP05-S04,performer_driving_video,60,SET-PROM,C-TRAIN-B,C01 C02 C14,DRV-draw_bow-easier,D−10 to D−1 (before go-live)
DP05-S04-draw_bow-main,P0,DP05,DP05-S04,performer_driving_video,60,SET-PROM,C-TRAIN-B,C01 C02 C14,DRV-draw_bow-main,D−10 to D−1 (before go-live)
DP05-S04-draw_bow-harder,P0,DP05,DP05-S04,performer_driving_video,60,SET-PROM,C-TRAIN-B,C01 C02 C14,DRV-draw_bow-harder,D−10 to D−1 (before go-live)
DP05-S05-heaven_earth-easier,P0,DP05,DP05-S05,performer_driving_video,60,SET-PROM,C-TRAIN-B,C01 C02 C14,DRV-heaven_earth-easier,D−10 to D−1 (before go-live)
DP05-S05-heaven_earth-main,P0,DP05,DP05-S05,performer_driving_video,60,SET-PROM,C-TRAIN-B,C01 C02 C14,DRV-heaven_earth-main,D−10 to D−1 (before go-live)
DP05-S05-heaven_earth-harder,P0,DP05,DP05-S05,performer_driving_video,60,SET-PROM,C-TRAIN-B,C01 C02 C14,DRV-heaven_earth-harder,D−10 to D−1 (before go-live)
DP05-S06-owl_look-easier,P0,DP05,DP05-S06,performer_driving_video,50,SET-PROM,C-TRAIN-B,C01 C02 C14,DRV-owl_look-easier,D−10 to D−1 (before go-live)
DP05-S06-owl_look-main,P0,DP05,DP05-S06,performer_driving_video,50,SET-PROM,C-TRAIN-B,C01 C02 C14,DRV-owl_look-main,D−10 to D−1 (before go-live)
DP05-S06-owl_look-harder,P0,DP05,DP05-S06,performer_driving_video,50,SET-PROM,C-TRAIN-B,C01 C02 C14,DRV-owl_look-harder,D−10 to D−1 (before go-live)
DP05-S07-fists-easier,P0,DP05,DP05-S07,performer_driving_video,50,SET-PROM,C-TRAIN-B,C01 C02 C14,DRV-fists-easier,D−10 to D−1 (before go-live)
DP05-S07-fists-main,P0,DP05,DP05-S07,performer_driving_video,50,SET-PROM,C-TRAIN-B,C01 C02 C14,DRV-fists-main,D−10 to D−1 (before go-live)
DP05-S07-fists-harder,P0,DP05,DP05-S07,performer_driving_video,50,SET-PROM,C-TRAIN-B,C01 C02 C14,DRV-fists-harder,D−10 to D−1 (before go-live)
DP05-S08-cloud_hands-easier,P0,DP05,DP05-S08,performer_driving_video,60,SET-PROM,C-TRAIN-B,C01 C02 C14,DRV-cloud_hands-easier,D−10 to D−1 (before go-live)
DP05-S08-cloud_hands-main,P0,DP05,DP05-S08,performer_driving_video,60,SET-PROM,C-TRAIN-B,C01 C02 C14,DRV-cloud_hands-main,D−10 to D−1 (before go-live)
DP05-S08-cloud_hands-harder,P0,DP05,DP05-S08,performer_driving_video,60,SET-PROM,C-TRAIN-B,C01 C02 C14,DRV-cloud_hands-harder,D−10 to D−1 (before go-live)
DP05-S09,P0,DP05,DP05-S09,talking_head_seated_breath,60,SET-PROM,C-TRAIN-B,C01 C02 C14,,D−10 to D−1 (before go-live)
DP05-S10,P0,DP05,DP05-S10,talking_head,25,SET-PROM,C-TRAIN-B,C01 C02 C14,,D−10 to D−1 (before go-live)
DP06-S01,P0,DP06,DP06-S01,talking_head,35,SET-PROM,C-TRAIN-B,C01 C02 C14 S01 S02,,D−10 to D−1 (before go-live)
DP06-S02-seated_march-main,P0,DP06,DP06-S02,performer_driving_video,120,SET-PROM,C-TRAIN-B,C01 C02 C14,DRV-seated_march-main,D−10 to D−1 (before go-live)
DP06-S02-walk-easier,P0,DP06,DP06-S02,performer_driving_video,120,SET-PROM,C-TRAIN-B,C01 C02 C14,DRV-walk-easier,D−10 to D−1 (before go-live)
DP06-S02-walk-main,P0,DP06,DP06-S02,performer_driving_video,120,SET-PROM,C-TRAIN-B,C01 C02 C14,DRV-walk-main,D−10 to D−1 (before go-live)
DP06-S03-seated_march-harder,P0,DP06,DP06-S03,performer_driving_video,60,SET-PROM,C-TRAIN-B,C01 C02 C14 S01 S02,DRV-seated_march-harder,D−10 to D−1 (before go-live)
DP06-S03-walk-main,P0,DP06,DP06-S03,performer_driving_video,60,SET-PROM,C-TRAIN-B,C01 C02 C14 S01 S02,DRV-walk-main,D−10 to D−1 (before go-live)
DP06-S03-walk-harder,P0,DP06,DP06-S03,performer_driving_video,60,SET-PROM,C-TRAIN-B,C01 C02 C14 S01 S02,DRV-walk-harder,D−10 to D−1 (before go-live)
DP06-S04-seated_march-main,P0,DP06,DP06-S04,performer_driving_video,60,SET-PROM,C-TRAIN-B,C01 C02 C14,DRV-seated_march-main,D−10 to D−1 (before go-live)
DP06-S04-walk-easier,P0,DP06,DP06-S04,performer_driving_video,60,SET-PROM,C-TRAIN-B,C01 C02 C14,DRV-walk-easier,D−10 to D−1 (before go-live)
DP06-S05-seated_march-harder,P0,DP06,DP06-S05,performer_driving_video,60,SET-PROM,C-TRAIN-B,C01 C02 C14,DRV-seated_march-harder,D−10 to D−1 (before go-live)
DP06-S05-walk-main,P0,DP06,DP06-S05,performer_driving_video,60,SET-PROM,C-TRAIN-B,C01 C02 C14,DRV-walk-main,D−10 to D−1 (before go-live)
DP06-S05-walk-harder,P0,DP06,DP06-S05,performer_driving_video,60,SET-PROM,C-TRAIN-B,C01 C02 C14,DRV-walk-harder,D−10 to D−1 (before go-live)
DP06-S06-seated_march-main,P0,DP06,DP06-S06,performer_driving_video,60,SET-PROM,C-TRAIN-B,C01 C02 C14,DRV-seated_march-main,D−10 to D−1 (before go-live)
