day,posts,views,buyers,new_trials,upfront_cash,in_trial,paying,booked_MRR,retained_MRR,cash_in,cost,cash_cum
1,44,12819,66.5,43.2,1330,43,0,1031,619,1291,29.4,1262
2,92,44650,68.6,44.6,1371,88,0,2094,1256,1332,42.4,2551
3,144,101688,72.4,47.0,1447,135,0,3215,1929,1405,56.6,3899
4,202,234460,41.4,26.9,827,162,0,3857,2314,803,72.3,4630
5,268,437557,54.9,35.7,1098,197,0,4708,2825,1067,90.3,5606
6,308,660947,70.2,45.6,1402,243,0,5795,3477,1362,101.2,6867
7,332,856976,82.2,53.4,1643,297,0,7069,4241,1595,107.7,8354
8,332,999805,91.6,59.5,1831,313,26,8076,5093,2429,107.7,10675
9,332,1142635,101.0,65.7,2019,334,53,9214,6030,2653,107.7,13220
10,332,1428293,119.8,77.9,2395,365,81,10619,7142,3076,107.7,16189
11,332,1713952,138.6,90.1,2772,428,97,12507,8426,3161,107.7,19242
12,332,1999611,157.5,102.4,3148,495,118,14601,9885,3672,107.7,22807
13,332,2285269,176.3,114.6,3524,564,145,16892,11517,4203,107.7,26902
14,332,2570928,195.1,126.8,3900,637,177,19398,13324,4708,107.7,31503
15,332,2856587,188.2,122.3,3763,700,212,21737,15064,4692,107.7,36087
16,332,2856587,188.2,122.3,3763,756,251,24016,16802,4813,107.7,40792
17,332,2856587,188.2,122.3,3763,801,297,26176,18538,5028,107.7,45713
18,332,2856587,188.2,122.3,3763,833,350,28217,20272,5250,107.7,50855
19,332,2856587,188.2,122.3,3763,853,411,30138,22002,5477,107.7,56224
20,332,2856587,188.2,122.3,3763,861,479,31939,23729,5710,107.7,61826
21,332,2856587,188.2,122.3,3763,856,554,33619,25453,5949,107.7,67667
22,332,2856587,188.2,122.3,3763,856,626,35339,27172,5942,107.7,73502
23,332,2856587,188.2,122.3,3763,856,698,37054,28887,6000,107.7,79394
24,332,2856587,188.2,122.3,3763,856,770,38765,30598,6058,107.7,85345
25,510,4421680,289.1,187.9,5778,922,841,42035,33243,8073,156.1,93262
26,510,4421680,289.1,187.9,5778,987,913,45301,35884,8131,156.1,101237
27,510,4421680,289.1,187.9,5778,1053,984,48562,38520,8189,156.1,109269
28,510,4421680,289.1,187.9,5778,1119,1055,51820,41153,8246,156.1,117360
29,510,4421680,289.1,187.9,5778,1184,1126,55074,43782,8304,156.1,125507
30,510,4421680,289.1,187.9,5778,1250,1197,58863,46946,8378,156.1,133730
31,510,4421680,289.1,187.9,5778,1315,1267,62647,50106,8453,156.1,142026
32,510,4421680,289.1,187.9,5778,1315,1377,66090,53549,9523,156.1,151394
33,510,4421680,289.1,187.9,5778,1315,1487,69526,56984,9638,156.1,160876
34,510,4421680,289.1,187.9,5778,1315,1596,72953,60411,9753,156.1,170473
35,510,4421680,289.1,187.9,5778,1315,1705,76372,63830,9868,156.1,180185
36,510,4421680,289.1,187.9,5778,1315,1814,79783,67241,9983,156.1,190012
37,510,4421680,289.1,187.9,5778,1315,1922,83186,70644,10097,156.1,199953
38,510,4421680,289.1,187.9,5778,1315,2030,86581,74039,10211,156.1,210008
39,510,4421680,289.1,187.9,5778,1315,2138,89968,77426,10325,156.1,220176
40,510,4421680,289.1,187.9,5778,1315,2246,93347,80806,10438,156.1,230458
41,510,4421680,289.1,187.9,5778,1315,2354,96719,84177,10551,156.1,240853
42,510,4421680,289.1,187.9,5778,1315,2461,100082,87541,10664,156.1,251361
43,510,4421680,289.1,187.9,5778,1315,2568,103438,90896,10777,156.1,261982
44,510,4421680,289.1,187.9,5778,1315,2675,106786,94244,10889,156.1,272715
45,510,4421680,289.1,187.9,5778,1315,2781,110126,97584,11001,156.1,283560
46,510,4421680,289.1,187.9,5778,1315,2887,113458,100917,11113,156.1,294517
47,510,4421680,289.1,187.9,5778,1315,2993,116783,104241,11225,156.1,305585
48,510,4421680,289.1,187.9,5778,1315,3099,120100,107558,11336,156.1,316765
49,510,4421680,289.1,187.9,5778,1315,3205,123409,110867,11447,156.1,328056
50,510,4421680,289.1,187.9,5778,1315,3310,126710,114168,11558,156.1,339457
51,510,4421680,289.1,187.9,5778,1315,3415,130004,117462,11668,156.1,350970
52,510,4421680,289.1,187.9,5778,1315,3520,133289,120748,11779,156.1,362592
53,510,4421680,289.1,187.9,5778,1315,3624,136568,124026,11889,156.1,374325
54,510,4421680,289.1,187.9,5778,1315,3728,139838,127297,11998,156.1,386167
55,510,4421680,289.1,187.9,5778,1315,3832,143101,130559,12108,156.1,398119
56,510,4421680,289.1,187.9,5778,1315,3936,146357,133815,12217,156.1,410180
57,510,4421680,289.1,187.9,5778,1315,4040,149604,137063,12326,156.1,422350
58,510,4421680,289.1,187.9,5778,1315,4143,152844,140303,12435,156.1,434629
59,510,4421680,289.1,187.9,5778,1315,4246,156077,143535,12543,156.1,447016
60,510,4421680,289.1,187.9,5778,1315,4349,159302,146760,12652,156.1,459512
61,510,4421680,289.1,187.9,5778,1315,4452,162520,149978,12760,156.1,472115
62,510,4421680,289.1,187.9,5778,1315,4554,165730,153188,12867,156.1,484827
63,510,4421680,289.1,187.9,5778,1315,4656,168932,156391,12975,156.1,497645
64,510,4421680,289.1,187.9,5778,1315,4758,172127,159586,13082,156.1,510571
65,510,4421680,289.1,187.9,5778,1315,4860,175315,162773,13189,156.1,523604
66,510,4421680,289.1,187.9,5778,1315,4961,178495,165953,13296,156.1,536744
67,510,4421680,289.1,187.9,5778,1315,5062,181668,169126,13402,156.1,549991
68,510,4421680,289.1,187.9,5778,1315,5163,184833,172291,13509,156.1,563343
69,510,4421680,289.1,187.9,5778,1315,5264,187991,175449,13615,156.1,576802
70,510,4421680,289.1,187.9,5778,1315,5364,191142,178600,13720,156.1,590366
71,510,4421680,289.1,187.9,5778,1315,5464,194285,181743,13826,156.1,604035
72,510,4421680,289.1,187.9,5778,1315,5564,197421,184879,13931,156.1,617810
73,510,4421680,289.1,187.9,5778,1315,5664,200550,188008,14036,156.1,631690
74,510,4421680,289.1,187.9,5778,1315,5764,203671,191129,14141,156.1,645675
75,510,4421680,289.1,187.9,5778,1315,5863,206785,194243,14245,156.1,659765
76,510,4421680,289.1,187.9,5778,1315,5962,209892,197350,14350,156.1,673958
77,510,4421680,289.1,187.9,5778,1315,6061,212991,200449,14454,156.1,688256
78,510,4421680,289.1,187.9,5778,1315,6159,216083,203542,14557,156.1,702657
79,510,4421680,289.1,187.9,5778,1315,6258,219168,206627,14661,156.1,717162
80,510,4421680,289.1,187.9,5778,1315,6356,222246,209705,14764,156.1,731770
81,510,4421680,289.1,187.9,5778,1315,6454,225317,212775,14867,156.1,746482
82,510,4421680,289.1,187.9,5778,1315,6551,228380,215839,14970,156.1,761296
83,510,4421680,289.1,187.9,5778,1315,6649,231437,218895,15073,156.1,776212
84,510,4421680,289.1,187.9,5778,1315,6746,234486,221944,15175,156.1,791231
85,510,4421680,289.1,187.9,5778,1315,6843,237528,224986,15277,156.1,806352
86,510,4421680,289.1,187.9,5778,1315,6940,240563,228021,15379,156.1,821576
87,510,4421680,289.1,187.9,5778,1315,7036,243591,231049,15481,156.1,836900
88,510,4421680,289.1,187.9,5778,1315,7133,246612,234070,15582,156.1,852326
89,510,4421680,289.1,187.9,5778,1315,7229,249626,237084,15683,156.1,867853
90,510,4421680,289.1,187.9,5778,1315,7325,252633,240091,15784,156.1,883481
