day,ig_pages,tt_accounts,fb_pages,yt_channels,ig_main,ig_trials,ig_stories,threads,x,tt_posts,fb_posts,yt_posts,posts_day,posts_total,avg_views_per_video,views_ig,views_stories,views_tt,views_fb,views_yt,views_th_x,views_day,views_total,comments,keyword_comments,dms_delivered,dm_link_clicks,bio_clicks,story_link_taps,landing_dm,landing_bio,landing_story,landing_total,buyers_dm,buyers_bio,buyers_story,buyers_seeded,buyers_day,buyers_total,upfront_cash_day,upfront_cash_total,members_in_trial,paying_subscribers,trial_conversions_today,renewal_cash_day,coached_members,booked_MRR,retained_MRR,cash_in_day,cost_day,cash_cumulative
1,4,4,1,1,24,80,12,48,24,104,16,4,300,300,633,65867,5269,46107,8107,1267,6840,128187,128187,192,29,27,12,256,79,9,179,55,243,1,7,3,82,93,93,1120,1120,93,0,0,0,0,2217,1330,1086,99,-14013
2,4,4,1,1,24,80,12,48,24,104,16,4,300,600,950,98800,7904,69160,12160,1900,10260,192280,320467,288,43,41,18,385,119,13,269,83,365,1,11,5,82,99,192,1187,2307,192,0,0,0,0,4566,2740,1151,99,-12961
3,4,4,1,1,24,80,12,48,24,104,16,4,300,900,1267,131733,10539,92213,16213,2533,13680,256373,576840,385,58,55,25,513,158,17,359,111,487,1,14,7,82,105,297,1254,3561,297,0,0,0,0,7048,4229,1217,99,-11844
4,4,4,1,1,24,80,12,48,24,104,16,4,300,1200,1900,197600,15808,138320,24320,3800,20520,384560,961400,577,87,82,37,769,237,26,538,166,730,2,22,10,32,66,362,789,4350,362,0,0,0,0,8609,5165,765,99,-11178
5,4,4,1,1,24,80,12,48,24,104,16,4,300,1500,2533,263467,21077,184427,32427,5067,27360,512747,1474147,769,115,110,49,1025,316,35,718,221,974,3,29,13,32,77,439,923,5273,439,0,0,0,0,10435,6261,895,99,-10383
6,4,4,1,1,24,80,12,48,24,104,16,4,300,1800,3167,329333,26347,230533,40533,6333,34200,640933,2115080,961,144,137,62,1282,395,43,897,277,1217,3,36,17,32,88,527,1057,6330,527,0,0,0,0,12527,7516,1025,99,-9457
7,4,4,1,1,24,80,12,48,24,104,16,4,300,2100,3800,395200,31616,276640,48640,7600,41040,769120,2884200,1154,173,164,74,1538,474,52,1077,332,1461,4,43,20,32,99,627,1191,7521,627,0,0,0,0,14885,8931,1156,99,-8400
8,4,4,1,1,24,80,12,48,24,104,16,6,302,2402,4433,461067,36885,322747,56747,13300,47880,901740,3785940,1353,203,193,87,1803,553,61,1262,387,1710,5,50,23,32,111,737,1329,8850,644,56,56,1400,0,16628,10509,2647,100,-5853
9,4,4,1,1,24,80,12,48,24,104,16,6,302,2704,5067,526933,42155,368853,64853,15200,54720,1030560,4816500,1546,232,220,99,2061,632,69,1443,443,1955,6,58,27,32,122,859,1464,10313,667,115,59,1484,0,18582,12244,2859,100,-3094
10,4,4,1,1,24,80,12,48,24,104,16,6,302,3006,6333,658667,52693,461067,81067,19000,68400,1288200,6104700,1932,290,275,124,2576,790,87,1803,553,2443,7,72,33,32,144,1004,1733,12046,707,178,63,1568,0,21012,14295,3202,100,9
11,4,4,1,1,24,80,12,48,24,104,16,6,302,3308,7600,790400,63232,553280,97280,22800,82080,1545840,7650540,2319,348,330,149,3092,948,104,2164,664,2932,8,87,40,32,167,1171,2002,14049,808,217,39,986,3,24729,17051,2912,100,2821
12,4,4,1,1,24,80,12,48,24,104,16,6,302,3610,8867,922133,73771,645493,113493,26600,95760,1803480,9454020,2705,406,385,173,3607,1107,121,2525,775,3421,10,101,46,32,189,1360,2272,16321,921,262,46,1153,6,28894,20147,3350,100,6071
13,4,4,1,1,24,80,12,48,24,104,16,6,302,3912,10133,1053867,84309,737707,129707,30400,109440,2061120,11515140,3092,464,441,198,4122,1265,139,2886,885,3910,11,115,53,32,212,1572,2541,18862,1044,314,53,1321,9,33504,23583,3789,100,9760
14,4,4,1,1,24,80,12,48,24,104,16,6,302,4214,11400,1185600,94848,829920,145920,34200,123120,2318760,13833900,3478,522,496,223,4638,1423,156,3246,996,4398,12,130,60,32,234,1806,2811,21673,1179,373,60,1489,11,38377,27173,4222,100,13882
15,4,4,1,1,24,80,12,48,24,104,16,6,302,4516,12667,1317333,105387,922133,162133,38000,136800,2576400,16410300,3865,580,551,248,5153,1581,173,3607,1107,4887,14,144,66,0,225,2031,2695,24368,1293,439,66,1661,13,42952,30668,4287,100,18070
16,6,6,2,1,36,120,18,72,36,156,32,6,458,4974,12667,1976000,158080,1383200,324267,38000,205200,3926667,20336967,5890,884,839,378,7853,2371,264,5497,1660,7422,21,220,100,0,341,2371,4088,28455,1512,511,73,1829,16,50221,35858,5814,142,23741
17,6,6,2,1,36,120,18,72,36,156,32,6,458,5432,12667,1976000,158080,1383200,324267,38000,205200,3926667,24263633,5890,884,839,378,7853,2371,264,5497,1660,7422,21,220,100,0,341,2712,4088,32543,1708,596,87,2166,19,57317,41091,6154,142,29754
18,6,6,2,1,36,120,18,72,36,156,32,6,458,5890,12667,1976000,158080,1383200,324267,38000,205200,3926667,28190300,5890,884,839,378,7853,2371,264,5497,1660,7422,21,220,100,0,341,3053,4088,36630,1882,695,100,2503,22,64242,46365,6497,142,36108
19,6,6,2,1,36,120,18,72,36,156,32,6,458,6348,12667,1976000,158080,1383200,324267,38000,205200,3926667,32116967,5890,884,839,378,7853,2371,264,5497,1660,7422,21,220,100,0,341,3393,4088,40718,2033,807,114,2840,25,70993,51679,6840,142,42807
20,6,6,2,1,36,120,18,72,36,156,32,6,458,6806,12667,1976000,158080,1383200,324267,38000,205200,3926667,36043633,5890,884,839,378,7853,2371,264,5497,1660,7422,21,220,100,0,341,3734,4088,44806,2162,932,127,3177,30,77617,57079,7187,142,49852
21,6,6,2,1,36,120,18,72,36,156,32,6,458,7264,12667,1976000,158080,1383200,324267,38000,205200,3926667,39970300,5890,884,839,378,7853,2371,264,5497,1660,7422,21,220,100,0,341,4074,4088,48893,2268,1070,141,3514,35,84113,62563,7537,142,57247
22,6,6,2,1,36,120,18,72,36,156,32,6,458,7722,12667,1976000,158080,1383200,324267,38000,205200,3926667,43896967,5890,884,839,378,7853,2371,264,5497,1660,7422,21,220,100,0,341,4415,4088,52981,2384,1203,135,3368,40,90784,68132,7423,142,64527
23,6,6,2,1,36,120,18,72,36,156,32,6,458,8180,12667,1976000,158080,1383200,324267,38000,205200,3926667,47823633,5890,884,839,378,7853,2371,264,5497,1660,7422,21,220,100,0,341,4756,4088,57068,2384,1404,204,5110,46,96436,73784,9141,142,73527
24,6,6,2,1,36,120,18,72,36,156,32,6,458,8638,12667,1976000,158080,1383200,324267,38000,205200,3926667,51750300,5890,884,839,378,7853,2371,264,5497,1660,7422,21,220,100,0,341,5096,4088,61156,2384,1605,204,5110,53,102169,79516,9174,142,82558
25,6,6,2,1,36,120,18,72,36,156,32,6,458,9096,12667,1976000,158080,1383200,324267,38000,205200,3926667,55676967,5890,884,839,378,7853,2371,264,5497,1660,7422,21,220,100,0,341,5437,4088,65244,2384,1805,204,5110,60,107847,85194,9205,142,91621
26,6,6,2,1,36,120,18,72,36,156,32,6,458,9554,12667,1976000,158080,1383200,324267,38000,205200,3926667,59603633,5890,884,839,378,7853,2371,264,5497,1660,7422,21,220,100,0,341,5778,4088,69331,2384,2005,204,5110,70,113994,91341,9252,142,100732
27,6,6,2,1,36,120,18,72,36,156,32,6,458,10012,12667,1976000,158080,1383200,324267,38000,205200,3926667,63530300,5890,884,839,378,7853,2371,264,5497,1660,7422,21,220,100,0,341,6118,4088,73419,2384,2205,204,5110,80,120126,97474,9300,142,109890
28,6,6,2,1,36,120,18,72,36,156,32,6,458,10470,12667,1976000,158080,1383200,324267,38000,205200,3926667,67456967,5890,884,839,378,7853,2371,264,5497,1660,7422,21,220,100,0,341,6459,4088,77507,2384,2404,204,5110,90,126243,103591,9347,142,119095
29,6,6,2,1,36,120,18,72,36,156,32,6,458,10928,12667,1976000,158080,1383200,324267,38000,205200,3926667,71383633,5890,884,839,378,7853,2371,264,5497,1660,7422,21,220,100,0,341,6800,4088,81594,2384,2603,204,5110,100,132346,109694,9394,142,128347
30,6,6,2,1,36,120,18,72,36,156,32,6,458,11386,12667,1976000,158080,1383200,324267,38000,205200,3926667,75310300,5890,884,839,378,7853,2371,264,5497,1660,7422,21,220,100,0,341,7140,4088,85682,2384,2801,204,5110,109,138434,115782,9441,142,137647
31,6,6,2,1,36,120,18,72,36,156,32,6,458,11844,12667,1976000,158080,1383200,324267,38000,205200,3926667,79236967,5890,884,839,378,7853,2371,264,5497,1660,7422,21,220,100,0,341,7481,4088,89769,2384,2998,204,5110,119,144507,121855,9488,142,146993
32,6,6,2,1,36,120,18,72,36,156,32,6,458,12302,12667,1976000,158080,1383200,324267,38000,205200,3926667,83163633,5890,884,839,378,7853,2371,264,5497,1660,7422,21,220,100,0,341,7821,4088,93857,2384,3196,204,5110,129,150565,127913,9535,142,156387
33,6,6,2,1,36,120,18,72,36,156,32,6,458,12760,12667,1976000,158080,1383200,324267,38000,205200,3926667,87090300,5890,884,839,378,7853,2371,264,5497,1660,7422,21,220,100,0,341,8162,4088,97945,2384,3392,204,5110,139,156609,133957,9582,142,165827
34,6,6,2,1,36,120,18,72,36,156,32,6,458,13218,12667,1976000,158080,1383200,324267,38000,205200,3926667,91016967,5890,884,839,378,7853,2371,264,5497,1660,7422,21,220,100,0,341,8503,4088,102032,2384,3588,204,5110,149,162639,139986,9629,142,175313
35,6,6,2,1,36,120,18,72,36,156,32,6,458,13676,12667,1976000,158080,1383200,324267,38000,205200,3926667,94943633,5890,884,839,378,7853,2371,264,5497,1660,7422,21,220,100,0,341,8843,4088,106120,2384,3784,204,5110,159,168653,146001,9675,142,184847
36,6,6,2,1,36,120,18,72,36,156,32,6,458,14134,12667,1976000,158080,1383200,324267,38000,205200,3926667,98870300,5890,884,839,378,7853,2371,264,5497,1660,7422,21,220,100,0,341,9184,4088,110208,2384,3979,204,5110,168,174653,152001,9722,142,194426
37,6,6,2,1,36,120,18,72,36,156,32,6,458,14592,12667,1976000,158080,1383200,324267,38000,205200,3926667,102796967,5890,884,839,378,7853,2371,264,5497,1660,7422,21,220,100,0,341,9525,4088,114295,2384,4174,204,5110,178,180639,157987,9768,142,204052
38,6,6,2,1,36,120,18,72,36,156,32,6,458,15050,12667,1976000,158080,1383200,324267,38000,205200,3926667,106723633,5890,884,839,378,7853,2371,264,5497,1660,7422,21,220,100,0,341,9865,4088,118383,2384,4368,204,6411,188,186610,163958,11077,142,214987
39,6,6,2,1,36,120,18,72,36,156,32,6,458,15508,12667,1976000,158080,1383200,324267,38000,205200,3926667,110650300,5890,884,839,378,7853,2371,264,5497,1660,7422,21,220,100,0,341,10206,4088,122470,2384,4562,204,6490,198,192567,169915,11199,142,226044
40,6,6,2,1,36,120,18,72,36,156,32,6,458,15966,12667,1976000,158080,1383200,324267,38000,205200,3926667,114576967,5890,884,839,378,7853,2371,264,5497,1660,7422,21,220,100,0,341,10546,4088,126558,2384,4756,204,6568,207,198509,175857,11320,142,237222
41,6,6,2,1,36,120,18,72,36,156,32,6,458,16424,12667,1976000,158080,1383200,324267,38000,205200,3926667,118503633,5890,884,839,378,7853,2371,264,5497,1660,7422,21,220,100,0,341,10887,4088,130646,2384,4948,204,6026,217,204437,181785,10841,142,247921
42,6,6,2,1,36,120,18,72,36,156,32,6,458,16882,12667,1976000,158080,1383200,324267,38000,205200,3926667,122430300,5890,884,839,378,7853,2371,264,5497,1660,7422,21,220,100,0,341,11228,4088,134733,2384,5141,204,6182,226,210351,187699,11038,142,258817
43,6,6,2,1,36,120,18,72,36,156,32,6,458,17340,12667,1976000,158080,1383200,324267,38000,205200,3926667,126356967,5890,884,839,378,7853,2371,264,5497,1660,7422,21,220,100,0,341,11568,4088,138821,2384,5333,204,6338,236,216250,193598,11235,142,269910
44,6,6,2,1,36,120,18,72,36,156,32,6,458,17798,12667,1976000,158080,1383200,324267,38000,205200,3926667,130283633,5890,884,839,378,7853,2371,264,5497,1660,7422,21,220,100,0,341,11909,4088,142908,2384,5524,204,6494,246,222136,199483,11432,142,281200
45,6,6,2,1,36,120,18,72,36,156,32,6,458,18256,12667,1976000,158080,1383200,324267,38000,205200,3926667,134210300,5890,884,839,378,7853,2371,264,5497,1660,7422,21,220,100,0,341,12250,4088,146996,2384,5715,204,6654,255,228007,205354,11633,142,292691
46,6,6,2,1,36,120,18,72,36,156,32,6,458,18714,12667,1976000,158080,1383200,324267,38000,205200,3926667,138136967,5890,884,839,378,7853,2371,264,5497,1660,7422,21,220,100,0,341,12590,4088,151084,2384,5906,204,6811,265,233863,211211,11830,142,304379
47,6,6,2,1,36,120,18,72,36,156,32,6,458,19172,12667,1976000,158080,1383200,324267,38000,205200,3926667,142063633,5890,884,839,378,7853,2371,264,5497,1660,7422,21,220,100,0,341,12931,4088,155171,2384,6096,204,7124,274,239706,217054,12179,142,316416
48,6,6,2,1,36,120,18,72,36,156,32,6,458,19630,12667,1976000,158080,1383200,324267,38000,205200,3926667,145990300,5890,884,839,378,7853,2371,264,5497,1660,7422,21,220,100,0,341,13272,4088,159259,2384,6286,204,7437,284,245534,222882,12528,142,328801
49,6,6,2,1,36,120,18,72,36,156,32,6,458,20088,12667,1976000,158080,1383200,324267,38000,205200,3926667,149916967,5890,884,839,378,7853,2371,264,5497,1660,7422,21,220,100,0,341,13612,4088,163347,2384,6475,204,7751,293,251349,228697,12877,142,341536
50,6,6,2,1,36,120,18,72,36,156,32,6,458,20546,12667,1976000,158080,1383200,324267,38000,205200,3926667,153843633,5890,884,839,378,7853,2371,264,5497,1660,7422,21,220,100,0,341,13953,4088,167434,2384,6664,204,8064,303,257149,234497,13225,142,354619
51,6,6,2,1,36,120,18,72,36,156,32,6,458,21004,12667,1976000,158080,1383200,324267,38000,205200,3926667,157770300,5890,884,839,378,7853,2371,264,5497,1660,7422,21,220,100,0,341,14293,4088,171522,2384,6852,204,8377,312,262936,240283,13574,142,368051
52,6,6,2,1,36,120,18,72,36,156,32,6,458,21462,12667,1976000,158080,1383200,324267,38000,205200,3926667,161696967,5890,884,839,378,7853,2371,264,5497,1660,7422,21,220,100,0,341,14634,4088,175609,2384,7040,204,8242,321,268708,246056,13487,142,381396
53,6,6,2,1,36,120,18,72,36,156,32,6,458,21920,12667,1976000,158080,1383200,324267,38000,205200,3926667,165623633,5890,884,839,378,7853,2371,264,5497,1660,7422,21,220,100,0,341,14975,4088,179697,2384,7227,204,9861,331,274466,251814,15103,142,396357
54,6,6,2,1,36,120,18,72,36,156,32,6,458,22378,12667,1976000,158080,1383200,324267,38000,205200,3926667,169550300,5890,884,839,378,7853,2371,264,5497,1660,7422,21,220,100,0,341,15315,4088,183785,2384,7414,204,9861,340,280211,257559,15147,142,411362
55,6,6,2,1,36,120,18,72,36,156,32,6,458,22836,12667,1976000,158080,1383200,324267,38000,205200,3926667,173476967,5890,884,839,378,7853,2371,264,5497,1660,7422,21,220,100,0,341,15656,4088,187872,2384,7600,204,9861,349,285941,263289,15191,142,426412
56,6,6,2,1,36,120,18,72,36,156,32,6,458,23294,12667,1976000,158080,1383200,324267,38000,205200,3926667,177403633,5890,884,839,378,7853,2371,264,5497,1660,7422,21,220,100,0,341,15997,4088,191960,2384,7787,204,9861,359,291658,269006,15236,142,441505
57,6,6,2,1,36,120,18,72,36,156,32,6,458,23752,12667,1976000,158080,1383200,324267,38000,205200,3926667,181330300,5890,884,839,378,7853,2371,264,5497,1660,7422,21,220,100,0,341,16337,4088,196047,2384,7972,204,9861,368,297361,274709,15280,142,456643
58,6,6,2,1,36,120,18,72,36,156,32,6,458,24210,12667,1976000,158080,1383200,324267,38000,205200,3926667,185256967,5890,884,839,378,7853,2371,264,5497,1660,7422,21,220,100,0,341,16678,4088,200135,2384,8157,204,9861,377,303050,280398,15324,142,471825
59,6,6,2,1,36,120,18,72,36,156,32,6,458,24668,12667,1976000,158080,1383200,324267,38000,205200,3926667,189183633,5890,884,839,378,7853,2371,264,5497,1660,7422,21,220,100,0,341,17019,4088,204223,2384,8342,204,9861,387,308726,286074,15368,142,487050
60,6,6,2,1,36,120,18,72,36,156,32,6,458,25126,12667,1976000,158080,1383200,324267,38000,205200,3926667,193110300,5890,884,839,378,7853,2371,264,5497,1660,7422,21,220,100,0,341,17359,4088,208310,2384,8526,204,9861,396,314388,291735,15411,142,502320
61,6,6,2,1,36,120,18,72,36,156,32,6,458,25584,12667,1976000,158080,1383200,324267,38000,205200,3926667,197036967,5890,884,839,378,7853,2371,264,5497,1660,7422,21,220,100,0,341,17700,4088,212398,2384,8710,204,9861,405,320036,297383,15455,142,517633
62,6,6,2,1,36,120,18,72,36,156,32,6,458,26042,12667,1976000,158080,1383200,324267,38000,205200,3926667,200963633,5890,884,839,378,7853,2371,264,5497,1660,7422,21,220,100,0,341,18040,4088,216486,2384,8893,204,9861,414,325670,303018,15499,142,532990
63,6,6,2,1,36,120,18,72,36,156,32,6,458,26500,12667,1976000,158080,1383200,324267,38000,205200,3926667,204890300,5890,884,839,378,7853,2371,264,5497,1660,7422,21,220,100,0,341,18381,4088,220573,2384,9076,204,9861,423,331291,308639,15542,142,548390
64,6,6,2,1,36,120,18,72,36,156,32,6,458,26958,12667,1976000,158080,1383200,324267,38000,205200,3926667,208816967,5890,884,839,378,7853,2371,264,5497,1660,7422,21,220,100,0,341,18722,4088,224661,2384,9259,204,9861,432,336898,314246,15585,142,563833
65,6,6,2,1,36,120,18,72,36,156,32,6,458,27416,12667,1976000,158080,1383200,324267,38000,205200,3926667,212743633,5890,884,839,378,7853,2371,264,5497,1660,7422,21,220,100,0,341,19062,4088,228748,2384,9441,204,9861,441,342492,319839,15629,142,579320
66,6,6,2,1,36,120,18,72,36,156,32,6,458,27874,12667,1976000,158080,1383200,324267,38000,205200,3926667,216670300,5890,884,839,378,7853,2371,264,5497,1660,7422,21,220,100,0,341,19403,4088,232836,2384,9622,204,9861,451,348072,325420,15672,142,594850
67,6,6,2,1,36,120,18,72,36,156,32,6,458,28332,12667,1976000,158080,1383200,324267,38000,205200,3926667,220596967,5890,884,839,378,7853,2371,264,5497,1660,7422,21,220,100,0,341,19744,4088,236924,2384,9803,204,9861,460,353638,330986,15715,142,610423
68,6,6,2,1,36,120,18,72,36,156,32,6,458,28790,12667,1976000,158080,1383200,324267,38000,205200,3926667,224523633,5890,884,839,378,7853,2371,264,5497,1660,7422,21,220,100,0,341,20084,4088,241011,2384,9984,204,11072,469,359192,336539,16932,142,627213
69,6,6,2,1,36,120,18,72,36,156,32,6,458,29248,12667,1976000,158080,1383200,324267,38000,205200,3926667,228450300,5890,884,839,378,7853,2371,264,5497,1660,7422,21,220,100,0,341,20425,4088,245099,2384,10164,204,11145,478,364731,342079,17046,142,644117
70,6,6,2,1,36,120,18,72,36,156,32,6,458,29706,12667,1976000,158080,1383200,324267,38000,205200,3926667,232376967,5890,884,839,378,7853,2371,264,5497,1660,7422,21,220,100,0,341,20766,4088,249186,2384,10344,204,11217,487,370258,347606,17159,142,661134
71,6,6,2,1,36,120,18,72,36,156,32,6,458,30164,12667,1976000,158080,1383200,324267,38000,205200,3926667,236303633,5890,884,839,378,7853,2371,264,5497,1660,7422,21,220,100,0,341,21106,4088,253274,2384,10523,204,10714,496,375771,353119,16713,142,677705
72,6,6,2,1,36,120,18,72,36,156,32,6,458,30622,12667,1976000,158080,1383200,324267,38000,205200,3926667,240230300,5890,884,839,378,7853,2371,264,5497,1660,7422,21,220,100,0,341,21447,4088,257362,2384,10702,204,10859,505,381271,358618,16896,142,694459
73,6,6,2,1,36,120,18,72,36,156,32,6,458,31080,12667,1976000,158080,1383200,324267,38000,205200,3926667,244156967,5890,884,839,378,7853,2371,264,5497,1660,7422,21,220,100,0,341,21787,4088,261449,2384,10881,204,11004,513,386757,364105,17080,142,711396
74,6,6,2,1,36,120,18,72,36,156,32,6,458,31538,12667,1976000,158080,1383200,324267,38000,205200,3926667,248083633,5890,884,839,378,7853,2371,264,5497,1660,7422,21,220,100,0,341,22128,4088,265537,2384,11059,204,11149,522,392230,369578,17263,142,728517
75,6,6,2,1,36,120,18,72,36,156,32,6,458,31996,12667,1976000,158080,1383200,324267,38000,205200,3926667,252010300,5890,884,839,378,7853,2371,264,5497,1660,7422,21,220,100,0,341,22469,4088,269625,2384,11237,204,11298,531,397690,375038,17449,142,745824
76,6,6,2,1,36,120,18,72,36,156,32,6,458,32454,12667,1976000,158080,1383200,324267,38000,205200,3926667,255936967,5890,884,839,378,7853,2371,264,5497,1660,7422,21,220,100,0,341,22809,4088,273712,2384,11414,204,11444,540,403137,380485,17632,142,763315
77,6,6,2,1,36,120,18,72,36,156,32,6,458,32912,12667,1976000,158080,1383200,324267,38000,205200,3926667,259863633,5890,884,839,378,7853,2371,264,5497,1660,7422,21,220,100,0,341,23150,4088,277800,2384,11591,204,11735,549,408571,385918,17957,142,781130
78,6,6,2,1,36,120,18,72,36,156,32,6,458,33370,12667,1976000,158080,1383200,324267,38000,205200,3926667,263790300,5890,884,839,378,7853,2371,264,5497,1660,7422,21,220,100,0,341,23491,4088,281887,2384,11767,204,12026,558,413991,391339,18282,142,799269
79,6,6,2,1,36,120,18,72,36,156,32,6,458,33828,12667,1976000,158080,1383200,324267,38000,205200,3926667,267716967,5890,884,839,378,7853,2371,264,5497,1660,7422,21,220,100,0,341,23831,4088,285975,2384,11943,204,12318,567,419399,396746,18606,142,817733
80,6,6,2,1,36,120,18,72,36,156,32,6,458,34286,12667,1976000,158080,1383200,324267,38000,205200,3926667,271643633,5890,884,839,378,7853,2371,264,5497,1660,7422,21,220,100,0,341,24172,4088,290063,2384,12119,204,12609,575,424793,402141,18930,142,836522
81,6,6,2,1,36,120,18,72,36,156,32,6,458,34744,12667,1976000,158080,1383200,324267,38000,205200,3926667,275570300,5890,884,839,378,7853,2371,264,5497,1660,7422,21,220,100,0,341,24513,4088,294150,2384,12294,204,12900,584,430174,407522,19254,142,855634
82,6,6,2,1,36,120,18,72,36,156,32,6,458,35202,12667,1976000,158080,1383200,324267,38000,205200,3926667,279496967,5890,884,839,378,7853,2371,264,5497,1660,7422,21,220,100,0,341,24853,4088,298238,2384,12468,204,12775,593,435543,412890,19174,142,874666
83,6,6,2,1,36,120,18,72,36,156,32,6,458,35660,12667,1976000,158080,1383200,324267,38000,205200,3926667,283423633,5890,884,839,378,7853,2371,264,5497,1660,7422,21,220,100,0,341,25194,4088,302325,2384,12643,204,14281,602,440898,418246,20676,142,895201
84,6,6,2,1,36,120,18,72,36,156,32,6,458,36118,12667,1976000,158080,1383200,324267,38000,205200,3926667,287350300,5890,884,839,378,7853,2371,264,5497,1660,7422,21,220,100,0,341,25534,4088,306413,2384,12816,204,14281,610,446240,423588,20718,142,915776
85,6,6,2,1,36,120,18,72,36,156,32,6,458,36576,12667,1976000,158080,1383200,324267,38000,205200,3926667,291276967,5890,884,839,378,7853,2371,264,5497,1660,7422,21,220,100,0,341,25875,4088,310501,2384,12990,204,14281,619,451570,428917,20759,142,936393
86,6,6,2,1,36,120,18,72,36,156,32,6,458,37034,12667,1976000,158080,1383200,324267,38000,205200,3926667,295203633,5890,884,839,378,7853,2371,264,5497,1660,7422,21,220,100,0,341,26216,4088,314588,2384,13163,204,14281,628,456886,434234,20800,142,957051
87,6,6,2,1,36,120,18,72,36,156,32,6,458,37492,12667,1976000,158080,1383200,324267,38000,205200,3926667,299130300,5890,884,839,378,7853,2371,264,5497,1660,7422,21,220,100,0,341,26556,4088,318676,2384,13335,204,14281,636,462190,439538,20841,142,977750
88,6,6,2,1,36,120,18,72,36,156,32,6,458,37950,12667,1976000,158080,1383200,324267,38000,205200,3926667,303056967,5890,884,839,378,7853,2371,264,5497,1660,7422,21,220,100,0,341,26897,4088,322764,2384,13508,204,14281,645,467481,444829,20882,142,998490
89,6,6,2,1,36,120,18,72,36,156,32,6,458,38408,12667,1976000,158080,1383200,324267,38000,205200,3926667,306983633,5890,884,839,378,7853,2371,264,5497,1660,7422,21,220,100,0,341,27238,4088,326851,2384,13679,204,14281,653,472759,450107,20923,142,1019271
90,6,6,2,1,36,120,18,72,36,156,32,6,458,38866,12667,1976000,158080,1383200,324267,38000,205200,3926667,310910300,5890,884,839,378,7853,2371,264,5497,1660,7422,21,220,100,0,341,27578,4088,330939,2384,13851,204,14281,662,478025,455372,20963,142,1040092
91,6,6,2,1,36,120,18,72,36,156,32,6,458,39324,12667,1976000,158080,1383200,324267,38000,205200,3926667,314836967,5890,884,839,378,7853,2371,264,5497,1660,7422,21,220,100,0,341,27919,4088,335026,2384,14022,204,14281,670,483277,460625,21004,142,1060954
92,6,6,2,1,36,120,18,72,36,156,32,6,458,39782,12667,1976000,158080,1383200,324267,38000,205200,3926667,318763633,5890,884,839,378,7853,2371,264,5497,1660,7422,21,220,100,0,341,28260,4088,339114,2384,14192,204,14281,679,488517,465865,21045,142,1081857
93,6,6,2,1,36,120,18,72,36,156,32,6,458,40240,12667,1976000,158080,1383200,324267,38000,205200,3926667,322690300,5890,884,839,378,7853,2371,264,5497,1660,7422,21,220,100,0,341,28600,4088,343202,2384,14362,204,14281,688,493745,471092,21085,142,1102800
94,6,6,2,1,36,120,18,72,36,156,32,6,458,40698,12667,1976000,158080,1383200,324267,38000,205200,3926667,326616967,5890,884,839,378,7853,2371,264,5497,1660,7422,21,220,100,0,341,28941,4088,347289,2384,14532,204,14281,696,498959,476307,21125,142,1123783
95,6,6,2,1,36,120,18,72,36,156,32,6,458,41156,12667,1976000,158080,1383200,324267,38000,205200,3926667,330543633,5890,884,839,378,7853,2371,264,5497,1660,7422,21,220,100,0,341,29281,4088,351377,2384,14701,204,14281,704,504161,481509,21166,142,1144807
96,6,6,2,1,36,120,18,72,36,156,32,6,458,41614,12667,1976000,158080,1383200,324267,38000,205200,3926667,334470300,5890,884,839,378,7853,2371,264,5497,1660,7422,21,220,100,0,341,29622,4088,355465,2384,14870,204,14281,713,509351,486699,21206,142,1165870
97,6,6,2,1,36,120,18,72,36,156,32,6,458,42072,12667,1976000,158080,1383200,324267,38000,205200,3926667,338396967,5890,884,839,378,7853,2371,264,5497,1660,7422,21,220,100,0,341,29963,4088,359552,2384,15038,204,14281,721,514528,491876,21246,142,1186974
98,6,6,2,1,36,120,18,72,36,156,32,6,458,42530,12667,1976000,158080,1383200,324267,38000,205200,3926667,342323633,5890,884,839,378,7853,2371,264,5497,1660,7422,21,220,100,0,341,30303,4088,363640,2384,15206,204,15407,730,519692,497040,22378,142,1209210
99,6,6,2,1,36,120,18,72,36,156,32,6,458,42988,12667,1976000,158080,1383200,324267,38000,205200,3926667,346250300,5890,884,839,378,7853,2371,264,5497,1660,7422,21,220,100,0,341,30644,4088,367727,2384,15374,204,15474,738,524844,502192,22483,142,1231551
100,6,6,2,1,36,120,18,72,36,156,32,6,458,43446,12667,1976000,158080,1383200,324267,38000,205200,3926667,350176967,5890,884,839,378,7853,2371,264,5497,1660,7422,21,220,100,0,341,30985,4088,371815,2384,15541,204,15542,746,529984,507332,22588,142,1253998
101,6,6,2,1,36,120,18,72,36,156,32,6,458,43904,12667,1976000,158080,1383200,324267,38000,205200,3926667,354103633,5890,884,839,378,7853,2371,264,5497,1660,7422,21,220,100,0,341,31325,4088,375903,2384,15708,204,15073,755,535111,512459,22174,142,1276030
102,6,6,2,1,36,120,18,72,36,156,32,6,458,44362,12667,1976000,158080,1383200,324267,38000,205200,3926667,358030300,5890,884,839,378,7853,2371,264,5497,1660,7422,21,220,100,0,341,31666,4088,379990,2384,15875,204,15208,763,540226,517574,22344,142,1298232
103,6,6,2,1,36,120,18,72,36,156,32,6,458,44820,12667,1976000,158080,1383200,324267,38000,205200,3926667,361956967,5890,884,839,378,7853,2371,264,5497,1660,7422,21,220,100,0,341,32006,4088,384078,2384,16041,204,15343,771,545328,522676,22515,142,1320605
104,6,6,2,1,36,120,18,72,36,156,32,6,458,45278,12667,1976000,158080,1383200,324267,38000,205200,3926667,365883633,5890,884,839,378,7853,2371,264,5497,1660,7422,21,220,100,0,341,32347,4088,388165,2384,16206,204,15478,780,550418,527766,22685,142,1343148
105,6,6,2,1,36,120,18,72,36,156,32,6,458,45736,12667,1976000,158080,1383200,324267,38000,205200,3926667,369810300,5890,884,839,378,7853,2371,264,5497,1660,7422,21,220,100,0,341,32688,4088,392253,2384,16371,204,15617,788,555496,532844,22858,142,1365865
106,6,6,2,1,36,120,18,72,36,156,32,6,458,46194,12667,1976000,158080,1383200,324267,38000,205200,3926667,373736967,5890,884,839,378,7853,2371,264,5497,1660,7422,21,220,100,0,341,33028,4088,396341,2384,16536,204,15752,796,560562,537909,23029,142,1388752
107,6,6,2,1,36,120,18,72,36,156,32,6,458,46652,12667,1976000,158080,1383200,324267,38000,205200,3926667,377663633,5890,884,839,378,7853,2371,264,5497,1660,7422,21,220,100,0,341,33369,4088,400428,2384,16701,204,16023,804,565615,542963,23331,142,1411941
108,6,6,2,1,36,120,18,72,36,156,32,6,458,47110,12667,1976000,158080,1383200,324267,38000,205200,3926667,381590300,5890,884,839,378,7853,2371,264,5497,1660,7422,21,220,100,0,341,33710,4088,404516,2384,16865,204,16294,813,570656,548004,23633,142,1435431
109,6,6,2,1,36,120,18,72,36,156,32,6,458,47568,12667,1976000,158080,1383200,324267,38000,205200,3926667,385516967,5890,884,839,378,7853,2371,264,5497,1660,7422,21,220,100,0,341,34050,4088,408604,2384,17028,204,16565,821,575685,553033,23934,142,1459224
110,6,6,2,1,36,120,18,72,36,156,32,6,458,48026,12667,1976000,158080,1383200,324267,38000,205200,3926667,389443633,5890,884,839,378,7853,2371,264,5497,1660,7422,21,220,100,0,341,34391,4088,412691,2384,17192,204,16836,829,580702,558049,24236,142,1483318
111,6,6,2,1,36,120,18,72,36,156,32,6,458,48484,12667,1976000,158080,1383200,324267,38000,205200,3926667,393370300,5890,884,839,378,7853,2371,264,5497,1660,7422,21,220,100,0,341,34732,4088,416779,2384,17354,204,17107,837,585706,563054,24537,142,1507713
112,6,6,2,1,36,120,18,72,36,156,32,6,458,48942,12667,1976000,158080,1383200,324267,38000,205200,3926667,397296967,5890,884,839,378,7853,2371,264,5497,1660,7422,21,220,100,0,341,35072,4088,420866,2384,17517,204,16990,845,590699,568046,24463,142,1532034
113,6,6,2,1,36,120,18,72,36,156,32,6,458,49400,12667,1976000,158080,1383200,324267,38000,205200,3926667,401223633,5890,884,839,378,7853,2371,264,5497,1660,7422,21,220,100,0,341,35413,4088,424954,2384,17679,204,18390,853,595679,573027,25860,142,1557752
114,6,6,2,1,36,120,18,72,36,156,32,6,458,49858,12667,1976000,158080,1383200,324267,38000,205200,3926667,405150300,5890,884,839,378,7853,2371,264,5497,1660,7422,21,220,100,0,341,35753,4088,429042,2384,17841,204,18390,861,600648,577995,25898,142,1583508
115,6,6,2,1,36,120,18,72,36,156,32,6,458,50316,12667,1976000,158080,1383200,324267,38000,205200,3926667,409076967,5890,884,839,378,7853,2371,264,5497,1660,7422,21,220,100,0,341,36094,4088,433129,2384,18002,204,18390,870,605604,582952,25937,142,1609303
116,6,6,2,1,36,120,18,72,36,156,32,6,458,50774,12667,1976000,158080,1383200,324267,38000,205200,3926667,413003633,5890,884,839,378,7853,2371,264,5497,1660,7422,21,220,100,0,341,36435,4088,437217,2384,18163,204,18390,878,610548,587896,25975,142,1635135
117,6,6,2,1,36,120,18,72,36,156,32,6,458,51232,12667,1976000,158080,1383200,324267,38000,205200,3926667,416930300,5890,884,839,378,7853,2371,264,5497,1660,7422,21,220,100,0,341,36775,4088,441304,2384,18323,204,18390,886,615481,592829,26013,142,1661006
118,6,6,2,1,36,120,18,72,36,156,32,6,458,51690,12667,1976000,158080,1383200,324267,38000,205200,3926667,420856967,5890,884,839,378,7853,2371,264,5497,1660,7422,21,220,100,0,341,37116,4088,445392,2384,18483,204,18390,894,620402,597749,26051,142,1686915
119,6,6,2,1,36,120,18,72,36,156,32,6,458,52148,12667,1976000,158080,1383200,324267,38000,205200,3926667,424783633,5890,884,839,378,7853,2371,264,5497,1660,7422,21,220,100,0,341,37457,4088,449480,2384,18643,204,18390,902,625310,602658,26089,142,1712862
120,6,6,2,1,36,120,18,72,36,156,32,6,458,52606,12667,1976000,158080,1383200,324267,38000,205200,3926667,428710300,5890,884,839,378,7853,2371,264,5497,1660,7422,21,220,100,0,341,37797,4088,453567,2384,18802,204,18390,910,630207,607555,26127,142,1738847
121,6,6,2,1,36,120,18,72,36,156,32,6,458,53064,12667,1976000,158080,1383200,324267,38000,205200,3926667,432636967,5890,884,839,378,7853,2371,264,5497,1660,7422,21,220,100,0,341,38138,4088,457655,2384,18961,204,18390,917,635092,612440,26165,142,1764870
122,6,6,2,1,36,120,18,72,36,156,32,6,458,53522,12667,1976000,158080,1383200,324267,38000,205200,3926667,436563633,5890,884,839,378,7853,2371,264,5497,1660,7422,21,220,100,0,341,38479,4088,461743,2384,19120,204,18390,925,639965,617313,26202,142,1790930
123,6,6,2,1,36,120,18,72,36,156,32,6,458,53980,12667,1976000,158080,1383200,324267,38000,205200,3926667,440490300,5890,884,839,378,7853,2371,264,5497,1660,7422,21,220,100,0,341,38819,4088,465830,2384,19278,204,18390,933,644827,622174,26240,142,1817028
124,6,6,2,1,36,120,18,72,36,156,32,6,458,54438,12667,1976000,158080,1383200,324267,38000,205200,3926667,444416967,5890,884,839,378,7853,2371,264,5497,1660,7422,21,220,100,0,341,39160,4088,469918,2384,19436,204,18390,941,649676,627024,26277,142,1843163
125,6,6,2,1,36,120,18,72,36,156,32,6,458,54896,12667,1976000,158080,1383200,324267,38000,205200,3926667,448343633,5890,884,839,378,7853,2371,264,5497,1660,7422,21,220,100,0,341,39500,4088,474005,2384,19593,204,18390,949,654514,631862,26315,142,1869336
126,6,6,2,1,36,120,18,72,36,156,32,6,458,55354,12667,1976000,158080,1383200,324267,38000,205200,3926667,452270300,5890,884,839,378,7853,2371,264,5497,1660,7422,21,220,100,0,341,39841,4088,478093,2384,19750,204,18390,957,659341,636688,26352,142,1895546
127,6,6,2,1,36,120,18,72,36,156,32,6,458,55812,12667,1976000,158080,1383200,324267,38000,205200,3926667,456196967,5890,884,839,378,7853,2371,264,5497,1660,7422,21,220,100,0,341,40182,4088,482181,2384,19907,204,18390,965,664155,641503,26389,142,1921794
128,6,6,2,1,36,120,18,72,36,156,32,6,458,56270,12667,1976000,158080,1383200,324267,38000,205200,3926667,460123633,5890,884,839,378,7853,2371,264,5497,1660,7422,21,220,100,0,341,40522,4088,486268,2384,20063,204,19438,973,668958,646306,27442,142,1949094
129,6,6,2,1,36,120,18,72,36,156,32,6,458,56728,12667,1976000,158080,1383200,324267,38000,205200,3926667,464050300,5890,884,839,378,7853,2371,264,5497,1660,7422,21,220,100,0,341,40863,4088,490356,2384,20219,204,19501,980,673749,651097,27540,142,1976492
130,6,6,2,1,36,120,18,72,36,156,32,6,458,57186,12667,1976000,158080,1383200,324267,38000,205200,3926667,467976967,5890,884,839,378,7853,2371,264,5497,1660,7422,21,220,100,0,341,41204,4088,494443,2384,20375,204,19563,988,678529,655877,27638,142,2003988
131,6,6,2,1,36,120,18,72,36,156,32,6,458,57644,12667,1976000,158080,1383200,324267,38000,205200,3926667,471903633,5890,884,839,378,7853,2371,264,5497,1660,7422,21,220,100,0,341,41544,4088,498531,2384,20530,204,19128,996,683298,660645,27253,142,2031099
132,6,6,2,1,36,120,18,72,36,156,32,6,458,58102,12667,1976000,158080,1383200,324267,38000,205200,3926667,475830300,5890,884,839,378,7853,2371,264,5497,1660,7422,21,220,100,0,341,41885,4088,502619,2384,20685,204,19253,1004,688054,665402,27411,142,2058368
133,6,6,2,1,36,120,18,72,36,156,32,6,458,58560,12667,1976000,158080,1383200,324267,38000,205200,3926667,479756967,5890,884,839,378,7853,2371,264,5497,1660,7422,21,220,100,0,341,42226,4088,506706,2384,20839,204,19379,1011,692799,670147,27570,142,2085796
134,6,6,2,1,36,120,18,72,36,156,32,6,458,59018,12667,1976000,158080,1383200,324267,38000,205200,3926667,483683633,5890,884,839,378,7853,2371,264,5497,1660,7422,21,220,100,0,341,42566,4088,510794,2384,20993,204,19504,1019,697533,674881,27728,142,2113382
135,6,6,2,1,36,120,18,72,36,156,32,6,458,59476,12667,1976000,158080,1383200,324267,38000,205200,3926667,487610300,5890,884,839,378,7853,2371,264,5497,1660,7422,21,220,100,0,341,42907,4088,514882,2384,21147,204,19633,1027,702256,679603,27889,142,2141129
136,6,6,2,1,36,120,18,72,36,156,32,6,458,59934,12667,1976000,158080,1383200,324267,38000,205200,3926667,491536967,5890,884,839,378,7853,2371,264,5497,1660,7422,21,220,100,0,341,43247,4088,518969,2384,21300,204,19759,1034,706966,684314,28048,142,2169035
137,6,6,2,1,36,120,18,72,36,156,32,6,458,60392,12667,1976000,158080,1383200,324267,38000,205200,3926667,495463633,5890,884,839,378,7853,2371,264,5497,1660,7422,21,220,100,0,341,43588,4088,523057,2384,21453,204,20011,1042,711666,689014,28329,142,2197221
138,6,6,2,1,36,120,18,72,36,156,32,6,458,60850,12667,1976000,158080,1383200,324267,38000,205200,3926667,499390300,5890,884,839,378,7853,2371,264,5497,1660,7422,21,220,100,0,341,43929,4088,527144,2384,21606,204,20263,1050,716354,693702,28609,142,2225689
139,6,6,2,1,36,120,18,72,36,156,32,6,458,61308,12667,1976000,158080,1383200,324267,38000,205200,3926667,503316967,5890,884,839,378,7853,2371,264,5497,1660,7422,21,220,100,0,341,44269,4088,531232,2384,21758,204,20515,1057,721031,698379,28890,142,2254436
140,6,6,2,1,36,120,18,72,36,156,32,6,458,61766,12667,1976000,158080,1383200,324267,38000,205200,3926667,507243633,5890,884,839,378,7853,2371,264,5497,1660,7422,21,220,100,0,341,44610,4088,535320,2384,21910,204,20767,1065,725697,703044,29170,142,2283465
141,6,6,2,1,36,120,18,72,36,156,32,6,458,62224,12667,1976000,158080,1383200,324267,38000,205200,3926667,511170300,5890,884,839,378,7853,2371,264,5497,1660,7422,21,220,100,0,341,44951,4088,539407,2384,22061,204,21019,1072,730351,707699,29451,142,2312773
142,6,6,2,1,36,120,18,72,36,156,32,6,458,62682,12667,1976000,158080,1383200,324267,38000,205200,3926667,515096967,5890,884,839,378,7853,2371,264,5497,1660,7422,21,220,100,0,341,45291,4088,543495,2384,22212,204,20910,1080,734994,712342,29381,142,2342013
143,6,6,2,1,36,120,18,72,36,156,32,6,458,63140,12667,1976000,158080,1383200,324267,38000,205200,3926667,519023633,5890,884,839,378,7853,2371,264,5497,1660,7422,21,220,100,0,341,45632,4088,547582,2384,22363,204,22213,1088,739626,716974,30680,142,2372551
144,6,6,2,1,36,120,18,72,36,156,32,6,458,63598,12667,1976000,158080,1383200,324267,38000,205200,3926667,522950300,5890,884,839,378,7853,2371,264,5497,1660,7422,21,220,100,0,341,45973,4088,551670,2384,22513,204,22213,1095,744246,721594,30716,142,2403125
145,6,6,2,1,36,120,18,72,36,156,32,6,458,64056,12667,1976000,158080,1383200,324267,38000,205200,3926667,526876967,5890,884,839,378,7853,2371,264,5497,1660,7422,21,220,100,0,341,46313,4088,555758,2384,22663,204,22213,1103,748856,726204,30752,142,2433735
146,6,6,2,1,36,120,18,72,36,156,32,6,458,64514,12667,1976000,158080,1383200,324267,38000,205200,3926667,530803633,5890,884,839,378,7853,2371,264,5497,1660,7422,21,220,100,0,341,46654,4088,559845,2384,22813,204,22213,1110,753454,730802,30787,142,2464381
147,6,6,2,1,36,120,18,72,36,156,32,6,458,64972,12667,1976000,158080,1383200,324267,38000,205200,3926667,534730300,5890,884,839,378,7853,2371,264,5497,1660,7422,21,220,100,0,341,46994,4088,563933,2384,22962,204,22213,1118,758041,735389,30823,142,2495061
148,6,6,2,1,36,120,18,72,36,156,32,6,458,65430,12667,1976000,158080,1383200,324267,38000,205200,3926667,538656967,5890,884,839,378,7853,2371,264,5497,1660,7422,21,220,100,0,341,47335,4088,568021,2384,23111,204,22213,1125,762618,739965,30858,142,2525778
149,6,6,2,1,36,120,18,72,36,156,32,6,458,65888,12667,1976000,158080,1383200,324267,38000,205200,3926667,542583633,5890,884,839,378,7853,2371,264,5497,1660,7422,21,220,100,0,341,47676,4088,572108,2384,23260,204,22213,1132,767183,744530,30894,142,2556529
150,6,6,2,1,36,120,18,72,36,156,32,6,458,66346,12667,1976000,158080,1383200,324267,38000,205200,3926667,546510300,5890,884,839,378,7853,2371,264,5497,1660,7422,21,220,100,0,341,48016,4088,576196,2384,23408,204,22213,1140,771737,749084,30929,142,2587316
151,6,6,2,1,36,120,18,72,36,156,32,6,458,66804,12667,1976000,158080,1383200,324267,38000,205200,3926667,550436967,5890,884,839,378,7853,2371,264,5497,1660,7422,21,220,100,0,341,48357,4088,580283,2384,23556,204,22213,1147,776280,753628,30964,142,2618138
152,6,6,2,1,36,120,18,72,36,156,32,6,458,67262,12667,1976000,158080,1383200,324267,38000,205200,3926667,554363633,5890,884,839,378,7853,2371,264,5497,1660,7422,21,220,100,0,341,48698,4088,584371,2384,23703,204,22213,1155,780812,758160,30999,142,2648995
153,6,6,2,1,36,120,18,72,36,156,32,6,458,67720,12667,1976000,158080,1383200,324267,38000,205200,3926667,558290300,5890,884,839,378,7853,2371,264,5497,1660,7422,21,220,100,0,341,49038,4088,588459,2384,23850,204,22213,1162,785333,762681,31034,142,2679887
154,6,6,2,1,36,120,18,72,36,156,32,6,458,68178,12667,1976000,158080,1383200,324267,38000,205200,3926667,562216967,5890,884,839,378,7853,2371,264,5497,1660,7422,21,220,100,0,341,49379,4088,592546,2384,23997,204,22213,1169,789843,767191,31069,142,2710814
155,6,6,2,1,36,120,18,72,36,156,32,6,458,68636,12667,1976000,158080,1383200,324267,38000,205200,3926667,566143633,5890,884,839,378,7853,2371,264,5497,1660,7422,21,220,100,0,341,49719,4088,596634,2384,24143,204,22213,1177,794342,771690,31104,142,2741775
156,6,6,2,1,36,120,18,72,36,156,32,6,458,69094,12667,1976000,158080,1383200,324267,38000,205200,3926667,570070300,5890,884,839,378,7853,2371,264,5497,1660,7422,21,220,100,0,341,50060,4088,600722,2384,24289,204,22213,1184,798831,776179,31138,142,2772772
157,6,6,2,1,36,120,18,72,36,156,32,6,458,69552,12667,1976000,158080,1383200,324267,38000,205200,3926667,573996967,5890,884,839,378,7853,2371,264,5497,1660,7422,21,220,100,0,341,50401,4088,604809,2384,24435,204,22213,1191,803308,780656,31173,142,2803802
158,6,6,2,1,36,120,18,72,36,156,32,6,458,70010,12667,1976000,158080,1383200,324267,38000,205200,3926667,577923633,5890,884,839,378,7853,2371,264,5497,1660,7422,21,220,100,0,341,50741,4088,608897,2384,24580,204,23187,1198,807775,785123,32152,142,2835813
159,6,6,2,1,36,120,18,72,36,156,32,6,458,70468,12667,1976000,158080,1383200,324267,38000,205200,3926667,581850300,5890,884,839,378,7853,2371,264,5497,1660,7422,21,220,100,0,341,51082,4088,612984,2384,24725,204,23245,1206,812231,789579,32243,142,2867914
160,6,6,2,1,36,120,18,72,36,156,32,6,458,70926,12667,1976000,158080,1383200,324267,38000,205200,3926667,585776967,5890,884,839,378,7853,2371,264,5497,1660,7422,21,220,100,0,341,51423,4088,617072,2384,24870,204,23303,1213,816676,794024,32334,142,2900106
161,6,6,2,1,36,120,18,72,36,156,32,6,458,71384,12667,1976000,158080,1383200,324267,38000,205200,3926667,589703633,5890,884,839,378,7853,2371,264,5497,1660,7422,21,220,100,0,341,51763,4088,621160,2384,25014,204,22898,1220,821111,798459,31976,142,2931940
162,6,6,2,1,36,120,18,72,36,156,32,6,458,71842,12667,1976000,158080,1383200,324267,38000,205200,3926667,593630300,5890,884,839,378,7853,2371,264,5497,1660,7422,21,220,100,0,341,52104,4088,625247,2384,25158,204,23015,1227,825535,802882,32123,142,2963921
163,6,6,2,1,36,120,18,72,36,156,32,6,458,72300,12667,1976000,158080,1383200,324267,38000,205200,3926667,597556967,5890,884,839,378,7853,2371,264,5497,1660,7422,21,220,100,0,341,52445,4088,629335,2384,25302,204,23132,1235,829948,807295,32271,142,2996050
164,6,6,2,1,36,120,18,72,36,156,32,6,458,72758,12667,1976000,158080,1383200,324267,38000,205200,3926667,601483633,5890,884,839,378,7853,2371,264,5497,1660,7422,21,220,100,0,341,52785,4088,633422,2384,25445,204,23249,1242,834350,811698,32418,142,3028326
165,6,6,2,1,36,120,18,72,36,156,32,6,458,73216,12667,1976000,158080,1383200,324267,38000,205200,3926667,605410300,5890,884,839,378,7853,2371,264,5497,1660,7422,21,220,100,0,341,53126,4088,637510,2384,25588,204,23368,1249,838742,816090,32568,142,3060751
166,6,6,2,1,36,120,18,72,36,156,32,6,458,73674,12667,1976000,158080,1383200,324267,38000,205200,3926667,609336967,5890,884,839,378,7853,2371,264,5497,1660,7422,21,220,100,0,341,53466,4088,641598,2384,25731,204,23485,1256,843123,820471,32715,142,3093325
167,6,6,2,1,36,120,18,72,36,156,32,6,458,74132,12667,1976000,158080,1383200,324267,38000,205200,3926667,613263633,5890,884,839,378,7853,2371,264,5497,1660,7422,21,220,100,0,341,53807,4088,645685,2384,25873,204,23720,1263,847494,824841,32976,142,3126159
168,6,6,2,1,36,120,18,72,36,156,32,6,458,74590,12667,1976000,158080,1383200,324267,38000,205200,3926667,617190300,5890,884,839,378,7853,2371,264,5497,1660,7422,21,220,100,0,341,54148,4088,649773,2384,26015,204,23954,1270,851854,829201,33237,142,3159255
169,6,6,2,1,36,120,18,72,36,156,32,6,458,75048,12667,1976000,158080,1383200,324267,38000,205200,3926667,621116967,5890,884,839,378,7853,2371,264,5497,1660,7422,21,220,100,0,341,54488,4088,653861,2384,26156,204,24188,1277,856203,833551,33498,142,3192611
170,6,6,2,1,36,120,18,72,36,156,32,6,458,75506,12667,1976000,158080,1383200,324267,38000,205200,3926667,625043633,5890,884,839,378,7853,2371,264,5497,1660,7422,21,220,100,0,341,54829,4088,657948,2384,26297,204,24423,1284,860542,837890,33759,142,3226228
171,6,6,2,1,36,120,18,72,36,156,32,6,458,75964,12667,1976000,158080,1383200,324267,38000,205200,3926667,628970300,5890,884,839,378,7853,2371,264,5497,1660,7422,21,220,100,0,341,55170,4088,662036,2384,26438,204,24657,1291,864871,842218,34020,142,3260106
172,6,6,2,1,36,120,18,72,36,156,32,6,458,76422,12667,1976000,158080,1383200,324267,38000,205200,3926667,632896967,5890,884,839,378,7853,2371,264,5497,1660,7422,21,220,100,0,341,55510,4088,666123,2384,26579,204,24556,1298,869189,846536,33955,142,3293919
173,6,6,2,1,36,120,18,72,36,156,32,6,458,76880,12667,1976000,158080,1383200,324267,38000,205200,3926667,636823633,5890,884,839,378,7853,2371,264,5497,1660,7422,21,220,100,0,341,55851,4088,670211,2384,26719,204,25767,1305,873496,850844,35164,142,3328941
174,6,6,2,1,36,120,18,72,36,156,32,6,458,77338,12667,1976000,158080,1383200,324267,38000,205200,3926667,640750300,5890,884,839,378,7853,2371,264,5497,1660,7422,21,220,100,0,341,56192,4088,674299,2384,26859,204,25767,1312,877793,855141,35197,142,3363996
175,6,6,2,1,36,120,18,72,36,156,32,6,458,77796,12667,1976000,158080,1383200,324267,38000,205200,3926667,644676967,5890,884,839,378,7853,2371,264,5497,1660,7422,21,220,100,0,341,56532,4088,678386,2384,26998,204,25767,1319,882080,859428,35230,142,3399084
176,6,6,2,1,36,120,18,72,36,156,32,6,458,78254,12667,1976000,158080,1383200,324267,38000,205200,3926667,648603633,5890,884,839,378,7853,2371,264,5497,1660,7422,21,220,100,0,341,56873,4088,682474,2384,27137,204,25767,1326,886357,863704,35263,142,3434205
177,6,6,2,1,36,120,18,72,36,156,32,6,458,78712,12667,1976000,158080,1383200,324267,38000,205200,3926667,652530300,5890,884,839,378,7853,2371,264,5497,1660,7422,21,220,100,0,341,57213,4088,686561,2384,27276,204,25767,1333,890623,867970,35296,142,3469359
178,6,6,2,1,36,120,18,72,36,156,32,6,458,79170,12667,1976000,158080,1383200,324267,38000,205200,3926667,656456967,5890,884,839,378,7853,2371,264,5497,1660,7422,21,220,100,0,341,57554,4088,690649,2384,27415,204,25767,1340,894878,872226,35329,142,3504546
179,6,6,2,1,36,120,18,72,36,156,32,6,458,79628,12667,1976000,158080,1383200,324267,38000,205200,3926667,660383633,5890,884,839,378,7853,2371,264,5497,1660,7422,21,220,100,0,341,57895,4088,694737,2384,27553,204,25767,1347,899124,876472,35362,142,3539766
180,6,6,2,1,36,120,18,72,36,156,32,6,458,80086,12667,1976000,158080,1383200,324267,38000,205200,3926667,664310300,5890,884,839,378,7853,2371,264,5497,1660,7422,21,220,100,0,341,58235,4088,698824,2384,27691,204,25767,1354,903359,880707,35395,142,3575019
