day,pages,masters,ig_main,ig_trial,fb_posts,tt,yt,threads,x,posts_day,posts_total,views_ig,views_fb,views_tt,views_yt,views_th_x,views_day,views_total,link_clicks,landing,new_buyers,buyers_total,active_members,coached_members,MRR,retained_MRR,rev_day,gen_cost,paid_spend,fixed,review_min,cost_day,margin_pct,cash,booked_MRR,contracted_30d,cash_plus_contracted
1,4,24,24,40,40,24,16,24,24,192,192,269831,163899,101232,72309,43385,650657,650657,2603,1822,173,173,173,0,4114,2057,2079,40,0,16,64,77,43.8,-13061,4114,2057,-11004
2,4,24,24,40,40,24,16,24,24,192,384,275262,167198,103269,73764,44258,663751,1314408,2655,1859,175,348,348,0,8272,4136,2101,40,0,16,64,77,72.1,-11100,8272,4136,-6964
3,4,24,24,40,40,24,16,24,24,192,576,280796,170560,105346,75247,45148,677097,1991505,2708,1896,177,525,525,0,12474,6237,2123,40,0,16,64,77,81.5,-9117,12474,6237,-2880
4,5,40,40,50,60,40,20,40,40,290,866,408651,260149,173433,123880,74328,1040441,3031946,4162,2913,178,703,703,0,16697,8349,2134,62,0,16,97,111,80.1,-7158,16697,8349,1191
5,5,40,40,50,60,40,20,40,40,290,1156,416852,265370,176913,126367,75820,1061323,4093269,4245,2972,181,884,884,0,20990,10495,2169,62,0,16,97,111,84.2,-5165,20990,10495,5330
6,5,40,40,50,60,40,20,40,40,290,1446,425211,270691,180461,128901,77340,1082605,5175873,4330,3031,184,1067,1067,0,25353,12676,2204,62,0,16,97,111,86.9,-3138,25353,12676,9538
7,5,40,40,50,60,40,20,40,40,290,1736,433730,276115,184076,131483,78890,1104294,6280167,4417,3092,187,1254,1254,0,29788,14894,2241,62,0,16,97,111,88.9,-1075,29788,14894,13819
8,5,40,40,100,60,40,20,40,40,340,2076,616594,281642,187761,134115,80469,1300580,7580748,5202,3642,214,1468,1468,0,34876,17438,2571,74,0,16,113,127,89.0,1291,34876,17438,18729
9,7,63,63,140,91,63,28,63,63,511,2587,876313,415785,284723,203373,122024,1902218,9482966,7609,5326,300,1769,1769,0,42009,21005,3604,112,162,16,170,347,75.2,4440,42009,21005,25445
10,7,63,63,140,91,63,28,63,63,511,3098,893823,424094,290412,207437,124462,1940228,11423194,7761,5433,306,2075,2075,0,49286,24643,3677,112,222,16,170,407,75.2,7600,49286,24643,32243
11,7,63,63,140,91,63,28,63,63,511,3609,911668,432560,296210,211578,126947,1978964,13402157,7916,5541,313,2388,2388,9,57918,28354,3793,112,283,16,170,467,75.8,10811,57918,28354,39165
12,7,63,63,140,91,63,28,63,63,511,4120,929854,441189,302118,215799,129479,2018439,15420597,8074,5652,319,2707,2707,17,66714,32141,3912,112,355,16,170,539,75.7,14066,66714,32141,46207
13,7,63,63,140,91,63,28,63,63,511,4631,948386,449982,308140,220100,132060,2058668,17479265,8235,5764,325,3032,3032,26,75678,36005,4033,112,428,16,170,613,75.7,17366,75678,36005,53371
14,7,63,63,140,91,63,28,63,63,511,5142,967272,458943,314276,224483,134690,2099664,19578929,8399,5879,332,3364,3364,35,84804,39948,4156,112,503,16,170,687,75.7,20710,84804,39948,60658
15,7,63,63,140,91,63,28,63,63,511,5653,986518,468075,320529,228950,137370,2141441,21720370,8566,5996,307,3671,3671,44,93348,43589,3896,112,579,16,170,763,75.5,23726,93348,43589,67315
16,7,63,63,140,91,63,28,63,63,511,6164,1006131,477380,326902,233501,140101,2184014,23904384,8736,6115,313,3984,3984,53,102074,47310,4022,112,650,16,170,835,75.5,26793,102074,47310,74103
17,7,63,63,140,91,63,28,63,63,511,6675,1026117,486863,333395,238139,142884,2227398,26131782,8910,6237,320,4304,4304,63,110986,51114,4151,112,722,16,170,907,75.5,29912,110986,51114,81026
18,7,63,63,140,91,63,28,63,63,511,7186,1046483,496526,340012,242866,145720,2271607,28403389,9086,6360,327,4632,4632,73,120258,55002,4289,112,797,16,170,982,75.5,33090,120258,55002,88092
19,7,63,63,140,91,63,28,63,63,511,7697,1067236,506373,346756,247683,148610,2316657,30720046,9267,6487,335,4966,4966,88,130302,58976,4449,112,874,16,170,1059,75.6,36347,130302,58976,95323
20,7,63,63,140,91,63,28,63,63,511,8208,1088384,516407,353627,252591,151554,2362563,33082609,9450,6615,342,5308,5308,104,140565,63037,4613,112,958,16,170,1143,75.6,39678,140565,63037,102715
21,7,63,63,140,91,63,28,63,63,511,8719,1109934,526632,360628,257592,154555,2409342,35491951,9637,6746,350,5658,5658,119,151049,67189,4780,112,1043,16,170,1228,75.6,43087,151049,67189,110276
22,7,63,63,140,91,63,28,63,63,511,9230,1131893,537051,367763,262688,157613,2457008,37948960,9828,6880,357,6015,6015,135,161761,71431,4951,112,1131,16,170,1316,75.6,46573,161761,71431,118004
23,7,63,63,140,91,63,28,63,63,511,9741,1154269,547668,375033,267881,160729,2505580,40454539,10022,7016,365,6380,6380,152,172705,75767,5124,112,1220,16,170,1405,75.6,50139,172705,75767,125906
24,7,63,63,140,91,63,28,63,63,511,10252,1177069,558486,382441,273172,163903,2555072,43009611,10220,7154,373,6754,6754,168,183886,80198,5302,112,1311,16,170,1496,75.6,53786,183886,80198,133984
25,7,63,63,140,91,63,28,63,63,511,10763,1200302,569509,389990,278564,167138,2605503,45615114,10422,7295,381,7135,7135,184,195082,84726,5475,112,1404,16,170,1589,75.6,57507,195082,84726,142233
26,7,63,63,140,91,63,28,63,63,511,11274,1223974,580741,397681,284058,170435,2656889,48272004,10628,7439,390,7524,7524,199,206523,89352,5651,112,1498,16,170,1682,75.6,61307,206523,89352,150659
27,7,63,63,140,91,63,28,63,63,511,11785,1248095,592186,405518,289656,173794,2709249,50981252,10837,7586,398,7922,7922,215,218213,94079,5831,112,1593,16,170,1778,75.6,65185,218213,94079,159264
28,7,63,63,140,91,63,28,63,63,511,12296,1272673,603847,413504,295360,177216,2762599,53743852,11050,7735,407,8329,8329,232,230157,98908,6015,112,1690,16,170,1875,75.6,69144,230157,98908,168052
29,7,63,63,140,91,63,28,63,63,511,12807,1297715,615729,421640,301172,180703,2816959,56560811,11268,7887,415,8745,8745,248,242360,103841,6202,112,1790,16,170,1975,75.6,73185,242360,103841,177026
30,7,63,63,140,91,63,28,63,63,511,13318,1323232,627835,429931,307093,184256,2872347,59433159,11489,8043,424,9169,9169,265,254827,108881,6393,112,1892,16,170,2076,75.6,77310,254827,108881,186191
31,7,63,63,140,91,63,28,63,63,511,13829,1349230,640171,438378,313127,187876,2928782,62361941,11715,8201,434,9602,9516,279,264902,114029,8732,112,1995,16,170,2180,75.3,83600,264902,114029,197629
32,7,63,63,140,91,63,28,63,63,511,14340,1375719,652739,446985,319275,191565,2986283,65348224,11945,8362,443,10045,9871,292,275211,119279,8930,112,2079,16,170,2264,75.3,89998,275211,119279,209277
33,7,63,63,140,91,63,28,63,63,511,14851,1402709,665545,455754,325538,195323,3044869,68393093,12179,8526,452,10497,10233,306,285758,124633,9131,112,2165,16,170,2350,75.3,96505,285758,124633,221138
34,7,63,63,140,91,63,28,63,63,511,15362,1430208,678593,464688,331920,199152,3104561,71497654,12418,8693,461,10958,10605,320,296564,130095,9324,112,2253,16,170,2438,75.3,103112,296564,130095,233207
35,7,63,63,140,91,63,28,63,63,511,15873,1458225,691886,473792,338423,203054,3165379,74663033,12662,8863,471,11429,10985,335,307602,135664,9547,112,2343,16,170,2528,75.3,109844,307602,135664,245508
36,7,63,63,140,91,63,28,63,63,511,16384,1486771,705430,483066,345047,207028,3227344,77890377,12909,9037,480,11909,11372,349,318879,141345,9774,112,2435,16,170,2620,75.3,116705,318879,141345,258050
37,7,63,63,140,91,63,28,63,63,511,16895,1515855,719230,492516,351797,211078,3290476,81180853,13162,9213,490,12399,11768,365,330396,147138,10006,112,2529,16,170,2714,75.4,123696,330396,147138,270834
38,7,63,63,140,91,63,28,63,63,511,17406,1545486,733289,502144,358674,215204,3354797,84535650,13419,9393,501,12900,12160,379,341786,153046,10544,112,2625,16,170,2810,75.3,131113,341786,153046,284159
39,7,63,63,140,91,63,28,63,63,511,17917,1575676,747613,511952,365680,219408,3420329,87955979,13681,9577,511,13411,12519,393,352150,159071,11809,112,2720,16,170,2905,75.3,139663,352150,159071,298734
40,7,63,63,140,91,63,28,63,63,511,18428,1606433,762206,521946,372818,223691,3487094,91443074,13948,9764,521,13932,12885,406,362719,165210,12074,112,2806,16,170,2991,75.3,148383,362719,165210,313593
41,7,63,63,140,91,63,28,63,63,511,18939,1637769,777074,532127,380091,228054,3555115,94998189,14220,9954,532,14464,13258,420,373496,171466,12345,112,2895,16,170,3079,75.3,157278,373496,171466,328744
42,7,63,63,140,91,63,28,63,63,511,19450,1669694,792222,542500,387500,232500,3624415,98622604,14498,10148,543,15006,13638,434,384484,177840,12622,112,2984,16,170,3169,75.3,166353,384484,177840,344193
43,7,63,63,140,91,63,28,63,63,511,19961,1702218,807654,553067,395048,237029,3695017,102317620,14780,10346,553,15560,14025,448,395684,184336,12905,112,3076,16,170,3261,75.3,175610,395684,184336,359946
44,7,63,63,140,91,63,28,63,63,511,20472,1735354,823376,563833,402738,241643,3766944,106084564,15068,10547,565,16125,14420,463,407102,190956,13193,112,3169,16,170,3354,75.3,185053,407102,190956,376009
45,7,63,63,140,91,63,28,63,63,511,20983,1768747,839220,574683,410488,246293,3839430,109923994,15358,10750,576,16700,14839,478,419232,197700,13088,112,3264,16,170,3449,75.3,194299,419232,197700,391999
46,7,63,63,140,91,63,28,63,63,511,21494,1781637,845336,578871,413480,248088,3867412,113791406,15470,10829,581,17281,15259,494,431436,204495,13312,112,3365,16,170,3550,75.3,203661,431436,204495,408156
47,7,63,63,140,91,63,28,63,63,511,22005,1794770,851567,583138,416527,249916,3895919,117687325,15584,10909,586,17868,15680,511,443715,211344,13541,112,3467,16,170,3652,75.3,213144,443715,211344,424488
48,7,63,63,140,91,63,28,63,63,511,22516,1808149,857915,587485,419632,251779,3924960,121612285,15700,10990,591,18459,16103,527,456070,218247,13774,112,3569,16,170,3754,75.3,222750,456070,218247,440997
49,7,63,63,140,91,63,28,63,63,511,23027,1821778,864382,591913,422795,253677,3954545,125566830,15818,11073,597,19056,16527,544,468501,225204,14011,112,3672,16,170,3857,75.3,232483,468501,225204,457687
50,7,63,63,140,91,63,28,63,63,511,23538,1835663,870969,596425,426018,255611,3984685,129551515,15939,11157,602,19658,16952,561,481008,232216,14253,112,3776,16,170,3961,75.3,242347,481008,232216,474563
51,7,63,63,140,91,63,28,63,63,511,24049,1849807,877681,601020,429300,257580,4015389,133566904,16062,11243,608,20266,17379,579,493592,239284,14500,112,3880,16,170,4065,75.3,252347,493592,239284,491631
52,7,63,63,140,91,63,28,63,63,511,24560,1864216,884517,605702,432644,259587,4046667,137613571,16187,11331,613,20880,17807,597,506253,246409,14751,112,3985,16,170,4170,75.3,262485,506253,246409,508894
53,7,63,63,140,91,63,28,63,63,511,25071,1878895,891482,610471,436051,261631,4078530,141692101,16314,11420,619,21499,18237,615,518992,253593,15007,112,4091,16,170,4276,75.3,272766,518992,253593,526359
54,7,63,63,140,91,63,28,63,63,511,25582,1893622,898469,615256,439469,263681,4110497,145802598,16442,11509,625,22123,18667,633,531810,260834,15266,112,4197,16,170,4382,75.3,283192,531810,260834,544026
55,7,63,63,140,91,63,28,63,63,511,26093,1903508,903160,618468,441763,265058,4131958,149934556,16528,11569,629,22753,19098,652,544669,268115,15512,112,4304,16,170,4489,75.3,293750,544669,268115,561865
56,7,63,63,140,91,63,28,63,63,511,26604,1913579,907939,621741,444100,266460,4153819,154088375,16615,11631,633,23386,19528,671,557525,275437,15760,112,4411,16,170,4596,75.3,304441,557525,275437,579878
57,7,63,63,140,91,63,28,63,63,511,27115,1923839,912806,625074,446481,267889,4176089,158264464,16704,11693,638,24024,19958,690,570377,282801,16011,112,4518,16,170,4703,75.3,315269,570377,282801,598070
58,7,63,63,140,91,63,28,63,63,511,27626,1934289,917765,628469,448907,269344,4198775,162463239,16795,11757,642,24666,20388,709,583225,290206,16264,112,4625,16,170,4810,75.3,326235,583225,290206,616441
59,7,63,63,140,91,63,28,63,63,511,28137,1934854,918033,628653,449038,269423,4200000,166663239,16800,11760,644,25310,20814,728,595996,297617,16484,112,4732,16,170,4917,75.2,337308,595996,297617,634925
60,7,63,63,140,91,63,28,63,63,511,28648,1934854,918033,628653,449038,269423,4200000,170863239,16800,11760,645,25955,21236,747,608681,305032,16704,112,4838,16,170,5023,75.2,348488,608681,305032,653520
61,7,63,63,140,91,63,28,63,63,511,29159,1934854,918033,628653,449038,269423,4200000,175063239,16800,11760,646,26601,21655,766,621280,312450,18940,112,4944,16,170,5129,75.2,361730,621280,312450,674180
62,7,63,63,140,91,63,28,63,63,511,29670,1934854,918033,628653,449038,269423,4200000,179263239,16800,11760,647,27248,22070,785,633793,319871,19183,112,5049,16,170,5234,75.2,375103,633793,319871,694974
63,7,63,63,140,91,63,28,63,63,511,30181,1934854,918033,628653,449038,269423,4200000,183463239,16800,11760,649,27897,22481,804,646218,327294,19428,112,5153,16,170,5338,75.2,388610,646218,327294,715904
64,7,63,63,140,91,63,28,63,63,511,30692,1934854,918033,628653,449038,269423,4200000,187663239,16800,11760,650,28547,22888,823,658551,334719,19663,112,5257,16,170,5442,75.2,402241,658551,334719,736960
65,7,63,63,140,91,63,28,63,63,511,31203,1934854,918033,628653,449038,269423,4200000,191863239,16800,11760,651,29198,23291,842,670780,342146,19925,112,5360,16,170,5545,75.2,416024,670780,342146,758170
66,7,63,63,140,91,63,28,63,63,511,31714,1934854,918033,628653,449038,269423,4200000,196063239,16800,11760,652,29850,23689,861,682901,349575,20189,112,5462,16,170,5647,75.2,429960,682901,349575,779535
67,7,63,63,140,91,63,28,63,63,511,32225,1934854,918033,628653,449038,269423,4200000,200263239,16800,11760,653,30503,24084,880,694911,357005,20456,112,5563,16,170,5748,75.2,444054,694911,357005,801059
68,7,63,63,140,91,63,28,63,63,511,32736,1934854,918033,628653,449038,269423,4200000,204463239,16800,11760,655,31158,24474,899,706807,364435,21008,112,5663,16,170,5848,75.2,458585,706807,364435,823020
69,7,63,63,140,91,63,28,63,63,511,33247,1934854,918033,628653,449038,269423,4200000,208663239,16800,11760,656,31814,24859,918,718565,371866,22244,112,5762,16,170,5947,75.2,474214,718565,371866,846080
70,7,63,63,140,91,63,28,63,63,511,33758,1934854,918033,628653,449038,269423,4200000,212863239,16800,11760,657,32471,25240,936,730182,379297,22547,112,5860,16,170,6045,75.2,490041,730182,379297,869338
71,7,63,63,140,91,63,28,63,63,511,34269,1934854,918033,628653,449038,269423,4200000,217063239,16800,11760,658,33129,25616,954,741654,386727,22854,112,5957,16,170,6142,75.2,506067,741654,386727,892794
72,7,63,63,140,91,63,28,63,63,511,34780,1934854,918033,628653,449038,269423,4200000,221263239,16800,11760,659,33788,25987,972,752978,394156,23164,112,6052,16,170,6237,75.1,522298,752978,394156,916454
73,7,63,63,140,91,63,28,63,63,511,35291,1934854,918033,628653,449038,269423,4200000,225463239,16800,11760,660,34448,26353,990,764150,401584,23476,112,6147,16,170,6332,75.1,538739,764150,401584,940323
74,7,63,63,140,91,63,28,63,63,511,35802,1934854,918033,628653,449038,269423,4200000,229663239,16800,11760,661,35110,26714,1008,775165,409010,23792,112,6240,16,170,6425,75.1,555392,775165,409010,964402
75,7,63,63,140,91,63,28,63,63,511,36313,1934854,918033,628653,449038,269423,4200000,233863239,16800,11760,662,35772,27070,1025,786021,416433,23735,112,6332,16,170,6516,75.1,571898,786021,416433,988331
76,7,63,63,140,91,63,28,63,63,511,36824,1934854,918033,628653,449038,269423,4200000,238063239,16800,11760,664,36436,27424,1042,796813,423854,23974,112,6422,16,170,6607,75.1,588546,796813,423854,1012400
77,7,63,63,140,91,63,28,63,63,511,37335,1934854,918033,628653,449038,269423,4200000,242263239,16800,11760,665,37100,27775,1059,807538,431272,24216,112,6512,16,170,6697,75.1,605339,807538,431272,1036611
78,7,63,63,140,91,63,28,63,63,511,37846,1934854,918033,628653,449038,269423,4200000,246463239,16800,11760,666,37766,28124,1076,818195,438687,24459,112,6601,16,170,6786,75.1,622278,818195,438687,1060965
79,7,63,63,140,91,63,28,63,63,511,38357,1934854,918033,628653,449038,269423,4200000,250663239,16800,11760,667,38433,28471,1093,828782,446098,24705,112,6690,16,170,6875,75.1,639366,828782,446098,1085464
80,7,63,63,140,91,63,28,63,63,511,38868,1934854,918033,628653,449038,269423,4200000,254863239,16800,11760,668,39101,28816,1109,839298,453505,24953,112,6778,16,170,6963,75.1,656608,839298,453505,1110113
81,7,63,63,140,91,63,28,63,63,511,39379,1934854,918033,628653,449038,269423,4200000,259063239,16800,11760,669,39769,29158,1126,849741,460909,25204,112,6866,16,170,7051,75.1,674004,849741,460909,1134913
82,7,63,63,140,91,63,28,63,63,511,39890,1934854,918033,628653,449038,269423,4200000,263263239,16800,11760,670,40439,29498,1142,860109,468309,25456,112,6953,16,170,7138,75.1,691559,860109,468309,1159868
83,7,63,63,140,91,63,28,63,63,511,40401,1934854,918033,628653,449038,269423,4200000,267463239,16800,11760,671,41110,29835,1159,870400,475705,25711,112,7039,16,170,7224,75.1,709274,870400,475705,1184979
84,7,63,63,140,91,63,28,63,63,511,40912,1934854,918033,628653,449038,269423,4200000,271663239,16800,11760,672,41782,30170,1175,880613,483096,25967,112,7125,16,170,7310,75.1,727152,880613,483096,1210248
85,7,63,63,140,91,63,28,63,63,511,41423,1934854,918033,628653,449038,269423,4200000,275863239,16800,11760,673,42455,30503,1191,890771,490483,26206,112,7210,16,170,7395,75.1,745177,890771,490483,1235660
86,7,63,63,140,91,63,28,63,63,511,41934,1934854,918033,628653,449038,269423,4200000,280063239,16800,11760,674,43128,30834,1207,900873,497864,26447,112,7295,16,170,7480,75.1,763351,900873,497864,1261215
87,7,63,63,140,91,63,28,63,63,511,42445,1934854,918033,628653,449038,269423,4200000,284263239,16800,11760,675,43803,31163,1223,910916,505241,26690,112,7379,16,170,7564,75.1,781676,910916,505241,1286917
88,7,63,63,140,91,63,28,63,63,511,42956,1934854,918033,628653,449038,269423,4200000,288463239,16800,11760,676,44479,31490,1239,920900,512613,26935,112,7463,16,170,7648,75.1,800156,920900,512613,1312769
89,7,63,63,140,91,63,28,63,63,511,43467,1934854,918033,628653,449038,269423,4200000,292663239,16800,11760,677,45156,31817,1255,930871,519980,27145,112,7546,16,170,7731,75.1,818755,930871,519980,1338735
90,7,63,63,140,91,63,28,63,63,511,43978,1934854,918033,628653,449038,269423,4200000,296863239,16800,11760,678,45834,32143,1271,940831,527341,27354,112,7629,16,170,7814,75.1,837474,940831,527341,1364815
91,7,63,63,140,91,63,28,63,63,511,44489,1934854,918033,628653,449038,269423,4200000,301063239,16800,11760,679,46512,32469,1286,950781,534697,29437,112,7712,16,170,7897,75.1,858131,950781,534697,1392828
92,7,63,63,140,91,63,28,63,63,511,45000,1934854,918033,628653,449038,269423,4200000,305263239,16800,11760,680,47192,32795,1302,960720,542048,29667,112,7795,16,170,7980,75.1,878928,960720,542048,1420976
93,7,63,63,140,91,63,28,63,63,511,45511,1934854,918033,628653,449038,269423,4200000,309463239,16800,11760,681,47873,33120,1318,970649,549394,29898,112,7878,16,170,8063,75.1,899866,970649,549394,1449260
94,7,63,63,140,91,63,28,63,63,511,46022,1934854,918033,628653,449038,269423,4200000,313663239,16800,11760,682,48554,33445,1334,980568,556734,30121,112,7961,16,170,8146,75.1,920938,980568,556734,1477672
95,7,63,63,140,91,63,28,63,63,511,46533,1934854,918033,628653,449038,269423,4200000,317863239,16800,11760,683,49237,33770,1349,990476,564070,30368,112,8043,16,170,8228,75.1,942167,990476,564070,1506237
96,7,63,63,140,91,63,28,63,63,511,47044,1934854,918033,628653,449038,269423,4200000,322063239,16800,11760,684,49921,34094,1365,1000374,571399,30617,112,8126,16,170,8311,75.1,963554,1000374,571399,1534953
97,7,63,63,140,91,63,28,63,63,511,47555,1934854,918033,628653,449038,269423,4200000,326263239,16800,11760,685,50605,34418,1381,1010262,578724,30869,112,8208,16,170,8393,75.1,985104,1010262,578724,1563828
98,7,63,63,140,91,63,28,63,63,511,48066,1934854,918033,628653,449038,269423,4200000,330463239,16800,11760,686,51291,34742,1397,1020140,586043,31387,112,8291,16,170,8476,75.1,1007074,1020140,586043,1593117
99,7,63,63,140,91,63,28,63,63,511,48577,1934854,918033,628653,449038,269423,4200000,334663239,16800,11760,687,51977,35065,1412,1030009,593357,32541,112,8373,16,170,8558,75.1,1030081,1030009,593357,1623438
100,7,63,63,140,91,63,28,63,63,511,49088,1934854,918033,628653,449038,269423,4200000,338863239,16800,11760,687,52665,35388,1428,1039868,600666,32829,112,8455,16,170,8640,75.1,1053285,1039868,600666,1653951
101,7,63,63,140,91,63,28,63,63,511,49599,1934854,918033,628653,449038,269423,4200000,343063239,16800,11760,688,53353,35711,1444,1049717,607969,33121,112,8537,16,170,8722,75.1,1076690,1049717,607969,1684659
102,7,63,63,140,91,63,28,63,63,511,50110,1934854,918033,628653,449038,269423,4200000,347263239,16800,11760,689,54043,36033,1459,1059557,615267,33417,112,8619,16,170,8804,75.1,1100300,1059557,615267,1715567
103,7,63,63,140,91,63,28,63,63,511,50621,1934854,918033,628653,449038,269423,4200000,351463239,16800,11760,690,54733,36355,1475,1069388,622560,33717,112,8702,16,170,8886,75.1,1124119,1069388,622560,1746679
104,7,63,63,140,91,63,28,63,63,511,51132,1934854,918033,628653,449038,269423,4200000,355663239,16800,11760,691,55424,36677,1490,1079210,629847,34020,112,8783,16,170,8968,75.1,1148150,1079210,629847,1777997
105,7,63,63,140,91,63,28,63,63,511,51643,1934854,918033,628653,449038,269423,4200000,359863239,16800,11760,692,56117,36999,1506,1089024,637129,33978,112,8865,16,170,9050,75.1,1172059,1089024,637129,1809188
106,7,63,63,140,91,63,28,63,63,511,52154,1934854,918033,628653,449038,269423,4200000,364063239,16800,11760,693,56810,37320,1522,1098829,644406,34212,112,8947,16,170,9132,75.1,1196112,1098829,644406,1840518
107,7,63,63,140,91,63,28,63,63,511,52665,1934854,918033,628653,449038,269423,4200000,368263239,16800,11760,694,57504,37641,1537,1108626,651678,34448,112,9029,16,170,9214,75.1,1220313,1108626,651678,1871991
108,7,63,63,140,91,63,28,63,63,511,53176,1934854,918033,628653,449038,269423,4200000,372463239,16800,11760,695,58199,37962,1553,1118414,658944,34687,112,9110,16,170,9295,75.1,1244664,1118414,658944,1903608
109,7,63,63,140,91,63,28,63,63,511,53687,1934854,918033,628653,449038,269423,4200000,376663239,16800,11760,696,58895,38282,1568,1128195,666205,34928,112,9192,16,170,9377,75.1,1269167,1128195,666205,1935372
110,7,63,63,140,91,63,28,63,63,511,54198,1934854,918033,628653,449038,269423,4200000,380863239,16800,11760,697,59592,38602,1584,1137967,673460,35171,112,9273,16,170,9458,75.1,1293824,1137967,673460,1967284
111,7,63,63,140,91,63,28,63,63,511,54709,1934854,918033,628653,449038,269423,4200000,385063239,16800,11760,698,60290,38922,1599,1147732,680710,35418,112,9355,16,170,9540,75.1,1318640,1147732,680710,1999350
112,7,63,63,140,91,63,28,63,63,511,55220,1934854,918033,628653,449038,269423,4200000,389263239,16800,11760,699,60990,39242,1615,1157489,687955,35667,112,9436,16,170,9621,75.1,1343615,1157489,687955,2031570
113,7,63,63,140,91,63,28,63,63,511,55731,1934854,918033,628653,449038,269423,4200000,393463239,16800,11760,700,61689,39561,1630,1167238,695195,35918,112,9518,16,170,9703,75.1,1368753,1167238,695195,2063948
114,7,63,63,140,91,63,28,63,63,511,56242,1934854,918033,628653,449038,269423,4200000,397663239,16800,11760,701,62390,39880,1646,1176979,702429,36171,112,9599,16,170,9784,75.1,1394055,1176979,702429,2096484
115,7,63,63,140,91,63,28,63,63,511,56753,1934854,918033,628653,449038,269423,4200000,401863239,16800,11760,702,63092,40199,1661,1186713,709658,36408,112,9680,16,170,9865,75.1,1419506,1186713,709658,2129164
116,7,63,63,140,91,63,28,63,63,511,57264,1934854,918033,628653,449038,269423,4200000,406063239,16800,11760,703,63795,40518,1677,1196439,716882,36648,112,9761,16,170,9946,75.1,1445108,1196439,716882,2161990
117,7,63,63,140,91,63,28,63,63,511,57775,1934854,918033,628653,449038,269423,4200000,410263239,16800,11760,704,64499,40836,1692,1206158,724100,36890,112,9842,16,170,10027,75.1,1470864,1206158,724100,2194964
118,7,63,63,140,91,63,28,63,63,511,58286,1934854,918033,628653,449038,269423,4200000,414463239,16800,11760,705,65204,41154,1707,1215870,731313,37134,112,9923,16,170,10108,75.1,1496775,1215870,731313,2228088
119,7,63,63,140,91,63,28,63,63,511,58797,1934854,918033,628653,449038,269423,4200000,418663239,16800,11760,706,65909,41472,1723,1225575,738521,37344,112,10004,16,170,10189,75.1,1522810,1225575,738521,2261331
120,7,63,63,140,91,63,28,63,63,511,59308,1934854,918033,628653,449038,269423,4200000,422863239,16800,11760,707,66616,41790,1738,1235272,745724,37555,112,10085,16,170,10270,75.1,1548969,1235272,745724,2294693
121,7,63,63,140,91,63,28,63,63,511,59819,1934854,918033,628653,449038,269423,4200000,427063239,16800,11760,708,67324,42108,1754,1244962,752921,39509,112,10166,16,170,10351,75.1,1576941,1244962,752921,2329862
122,7,63,63,140,91,63,28,63,63,511,60330,1934854,918033,628653,449038,269423,4200000,431263239,16800,11760,709,68032,42425,1769,1254645,760113,39738,112,10247,16,170,10431,75.1,1605056,1254645,760113,2365169
123,7,63,63,140,91,63,28,63,63,511,60841,1934854,918033,628653,449038,269423,4200000,435463239,16800,11760,709,68742,42742,1784,1264321,767300,39970,112,10327,16,170,10512,75.1,1633315,1264321,767300,2400615
124,7,63,63,140,91,63,28,63,63,511,61352,1934854,918033,628653,449038,269423,4200000,439663239,16800,11760,710,69452,43059,1800,1273990,774481,40193,112,10408,16,170,10593,75.1,1661709,1273990,774481,2436190
125,7,63,63,140,91,63,28,63,63,511,61863,1934854,918033,628653,449038,269423,4200000,443863239,16800,11760,711,70163,43375,1815,1283652,781657,40439,112,10488,16,170,10673,75.1,1690261,1283652,781657,2471918
126,7,63,63,140,91,63,28,63,63,511,62374,1934854,918033,628653,449038,269423,4200000,448063239,16800,11760,712,70876,43691,1831,1293306,788828,40687,112,10569,16,170,10754,75.1,1718974,1293306,788828,2507802
127,7,63,63,140,91,63,28,63,63,511,62885,1934854,918033,628653,449038,269423,4200000,452263239,16800,11760,713,71589,44008,1846,1302953,795994,40937,112,10649,16,170,10834,75.1,1747848,1302953,795994,2543842
128,7,63,63,140,91,63,28,63,63,511,63396,1934854,918033,628653,449038,269423,4200000,456463239,16800,11760,714,72303,44323,1861,1312593,803154,41435,112,10730,16,170,10915,75.1,1777126,1312593,803154,2580280
129,7,63,63,140,91,63,28,63,63,511,63907,1934854,918033,628653,449038,269423,4200000,460663239,16800,11760,715,73019,44639,1876,1322227,810309,42525,112,10810,16,170,10995,75.1,1807380,1322227,810309,2617689
130,7,63,63,140,91,63,28,63,63,511,64418,1934854,918033,628653,449038,269423,4200000,464863239,16800,11760,716,73735,44954,1892,1331853,817459,42809,112,10890,16,170,11075,75.1,1837829,1331853,817459,2655288
131,7,63,63,140,91,63,28,63,63,511,64929,1934854,918033,628653,449038,269423,4200000,469063239,16800,11760,717,74452,45269,1907,1341471,824604,43096,112,10971,16,170,11156,75.1,1868477,1341471,824604,2693081
132,7,63,63,140,91,63,28,63,63,511,65440,1934854,918033,628653,449038,269423,4200000,473263239,16800,11760,718,75170,45584,1922,1351083,831743,43388,112,11051,16,170,11236,75.1,1899328,1351083,831743,2731071
133,7,63,63,140,91,63,28,63,63,511,65951,1934854,918033,628653,449038,269423,4200000,477463239,16800,11760,719,75889,45899,1938,1360688,838877,43683,112,11131,16,170,11316,75.1,1930385,1360688,838877,2769262
134,7,63,63,140,91,63,28,63,63,511,66462,1934854,918033,628653,449038,269423,4200000,481663239,16800,11760,720,76609,46213,1953,1370286,846006,43981,112,11211,16,170,11396,75.1,1961650,1370286,846006,2807656
135,7,63,63,140,91,63,28,63,63,511,66973,1934854,918033,628653,449038,269423,4200000,485863239,16800,11760,721,77329,46528,1968,1379876,853130,43958,112,11291,16,170,11476,75.1,1992814,1379876,853130,2845944
136,7,63,63,140,91,63,28,63,63,511,67484,1934854,918033,628653,449038,269423,4200000,490063239,16800,11760,722,78051,46842,1983,1389460,860248,44192,112,11371,16,170,11556,75.0,2024124,1389460,860248,2884372
137,7,63,63,140,91,63,28,63,63,511,67995,1934854,918033,628653,449038,269423,4200000,494263239,16800,11760,723,78774,47155,1999,1399036,867362,44428,112,11451,16,170,11636,75.0,2055584,1399036,867362,2922946
138,7,63,63,140,91,63,28,63,63,511,68506,1934854,918033,628653,449038,269423,4200000,498463239,16800,11760,724,79498,47469,2014,1408606,874470,44666,112,11530,16,170,11715,75.0,2087194,1408606,874470,2961664
139,7,63,63,140,91,63,28,63,63,511,69017,1934854,918033,628653,449038,269423,4200000,502663239,16800,11760,725,80222,47782,2029,1418168,881572,44906,112,11610,16,170,11795,75.0,2118958,1418168,881572,3000530
140,7,63,63,140,91,63,28,63,63,511,69528,1934854,918033,628653,449038,269423,4200000,506863239,16800,11760,726,80948,48095,2044,1427724,888670,45149,112,11690,16,170,11875,75.0,2150878,1427724,888670,3039548
141,7,63,63,140,91,63,28,63,63,511,70039,1934854,918033,628653,449038,269423,4200000,511063239,16800,11760,726,81674,48408,2059,1437272,895762,45394,112,11770,16,170,11954,75.0,2182956,1437272,895762,3078718
142,7,63,63,140,91,63,28,63,63,511,70550,1934854,918033,628653,449038,269423,4200000,515263239,16800,11760,727,82402,48721,2074,1446814,902849,45642,112,11849,16,170,12034,75.0,2215194,1446814,902849,3118043
143,7,63,63,140,91,63,28,63,63,511,71061,1934854,918033,628653,449038,269423,4200000,519463239,16800,11760,728,83130,49033,2090,1456348,909931,45892,112,11929,16,170,12114,75.0,2247595,1456348,909931,3157526
144,7,63,63,140,91,63,28,63,63,511,71572,1934854,918033,628653,449038,269423,4200000,523663239,16800,11760,729,83859,49345,2105,1465875,917008,46143,112,12008,16,170,12193,75.0,2280161,1465875,917008,3197169
145,7,63,63,140,91,63,28,63,63,511,72083,1934854,918033,628653,449038,269423,4200000,527863239,16800,11760,730,84589,49657,2120,1475396,924080,46380,112,12087,16,170,12272,75.0,2312877,1475396,924080,3236957
146,7,63,63,140,91,63,28,63,63,511,72594,1934854,918033,628653,449038,269423,4200000,532063239,16800,11760,731,85320,49969,2135,1484909,931146,46619,112,12167,16,170,12352,75.0,2345746,1484909,931146,3276892
147,7,63,63,140,91,63,28,63,63,511,73105,1934854,918033,628653,449038,269423,4200000,536263239,16800,11760,732,86053,50280,2150,1494416,938207,46860,112,12246,16,170,12431,75.0,2378769,1494416,938207,3316976
148,7,63,63,140,91,63,28,63,63,511,73616,1934854,918033,628653,449038,269423,4200000,540463239,16800,11760,733,86786,50592,2165,1503915,945263,47103,112,12325,16,170,12510,75.0,2411949,1503915,945263,3357212
149,7,63,63,140,91,63,28,63,63,511,74127,1934854,918033,628653,449038,269423,4200000,544663239,16800,11760,734,87519,50903,2180,1513408,952314,47315,112,12404,16,170,12589,75.0,2445255,1513408,952314,3397569
150,7,63,63,140,91,63,28,63,63,511,74638,1934854,918033,628653,449038,269423,4200000,548863239,16800,11760,735,88254,51213,2195,1522893,959360,47527,112,12484,16,170,12669,75.0,2478687,1522893,959360,3438047
151,7,63,63,140,91,63,28,63,63,511,75149,1934854,918033,628653,449038,269423,4200000,553063239,16800,11760,736,88990,51524,2210,1532372,966400,49360,112,12563,16,170,12748,75.0,2513819,1532372,966400,3480219
152,7,63,63,140,91,63,28,63,63,511,75660,1934854,918033,628653,449038,269423,4200000,557263239,16800,11760,737,89727,51834,2225,1541843,973436,49590,112,12642,16,170,12827,75.0,2549094,1541843,973436,3522530
153,7,63,63,140,91,63,28,63,63,511,76171,1934854,918033,628653,449038,269423,4200000,561463239,16800,11760,738,90465,52144,2240,1551308,980466,49821,112,12721,16,170,12905,75.0,2584515,1551308,980466,3564981
154,7,63,63,140,91,63,28,63,63,511,76682,1934854,918033,628653,449038,269423,4200000,565663239,16800,11760,739,91203,52454,2256,1560766,987491,50045,112,12799,16,170,12984,75.0,2620074,1560766,987491,3607565
155,7,63,63,140,91,63,28,63,63,511,77193,1934854,918033,628653,449038,269423,4200000,569863239,16800,11760,740,91943,52764,2271,1570216,994511,50289,112,12878,16,170,13063,75.0,2655791,1570216,994511,3650302
156,7,63,63,140,91,63,28,63,63,511,77704,1934854,918033,628653,449038,269423,4200000,574063239,16800,11760,740,92683,53073,2286,1579660,1001525,50536,112,12957,16,170,13142,75.0,2691669,1579660,1001525,3693194
157,7,63,63,140,91,63,28,63,63,511,78215,1934854,918033,628653,449038,269423,4200000,578263239,16800,11760,741,93424,53382,2301,1589097,1008535,50785,112,13036,16,170,13221,75.0,2727710,1589097,1008535,3736245
158,7,63,63,140,91,63,28,63,63,511,78726,1934854,918033,628653,449038,269423,4200000,582463239,16800,11760,742,94167,53691,2316,1598527,1015539,51264,112,13114,16,170,13299,75.0,2764136,1598527,1015539,3779675
159,7,63,63,140,91,63,28,63,63,511,79237,1934854,918033,628653,449038,269423,4200000,586663239,16800,11760,743,94910,54000,2330,1607950,1022539,52293,112,13193,16,170,13378,75.0,2801483,1607950,1022539,3824022
160,7,63,63,140,91,63,28,63,63,511,79748,1934854,918033,628653,449038,269423,4200000,590863239,16800,11760,744,95654,54308,2345,1617366,1029533,52573,112,13271,16,170,13456,75.0,2839023,1617366,1029533,3868556
161,7,63,63,140,91,63,28,63,63,511,80259,1934854,918033,628653,449038,269423,4200000,595063239,16800,11760,745,96399,54617,2360,1626775,1036522,52857,112,13350,16,170,13535,75.0,2876759,1626775,1036522,3913281
162,7,63,63,140,91,63,28,63,63,511,80770,1934854,918033,628653,449038,269423,4200000,599263239,16800,11760,746,97145,54925,2375,1636178,1043506,53144,112,13428,16,170,13613,75.0,2914695,1636178,1043506,3958201
163,7,63,63,140,91,63,28,63,63,511,81281,1934854,918033,628653,449038,269423,4200000,603463239,16800,11760,747,97892,55233,2390,1645573,1050484,53434,112,13507,16,170,13692,75.0,2952834,1645573,1050484,4003318
164,7,63,63,140,91,63,28,63,63,511,81792,1934854,918033,628653,449038,269423,4200000,607663239,16800,11760,748,98640,55540,2405,1654962,1057458,53727,112,13585,16,170,13770,75.0,2991180,1654962,1057458,4048638
165,7,63,63,140,91,63,28,63,63,511,82303,1934854,918033,628653,449038,269423,4200000,611863239,16800,11760,749,99389,55848,2420,1664343,1064427,53722,112,13663,16,170,13848,75.0,3029442,1664343,1064427,4093869
166,7,63,63,140,91,63,28,63,63,511,82814,1934854,918033,628653,449038,269423,4200000,616063239,16800,11760,750,100138,56155,2435,1673718,1071390,53955,112,13741,16,170,13926,75.0,3067852,1673718,1071390,4139242
167,7,63,63,140,91,63,28,63,63,511,83325,1934854,918033,628653,449038,269423,4200000,620263239,16800,11760,751,100889,56462,2450,1683086,1078348,54190,112,13820,16,170,14004,75.0,3106412,1683086,1078348,4184760
168,7,63,63,140,91,63,28,63,63,511,83836,1934854,918033,628653,449038,269423,4200000,624463239,16800,11760,752,101640,56768,2465,1692447,1085301,54427,112,13898,16,170,14082,75.0,3145124,1692447,1085301,4230425
169,7,63,63,140,91,63,28,63,63,511,84347,1934854,918033,628653,449038,269423,4200000,628663239,16800,11760,752,102393,57075,2480,1701801,1092249,54667,112,13976,16,170,14161,75.0,3183990,1701801,1092249,4276239
170,7,63,63,140,91,63,28,63,63,511,84858,1934854,918033,628653,449038,269423,4200000,632863239,16800,11760,753,103146,57381,2494,1711148,1099192,54909,112,14054,16,170,14238,75.0,3223013,1711148,1099192,4322205
171,7,63,63,140,91,63,28,63,63,511,85369,1934854,918033,628653,449038,269423,4200000,637063239,16800,11760,754,103900,57687,2509,1720489,1106130,55153,112,14131,16,170,14316,75.0,3262195,1720489,1106130,4368325
172,7,63,63,140,91,63,28,63,63,511,85880,1934854,918033,628653,449038,269423,4200000,641263239,16800,11760,755,104655,57993,2524,1729822,1113063,55399,112,14209,16,170,14394,75.0,3301537,1729822,1113063,4414600
173,7,63,63,140,91,63,28,63,63,511,86391,1934854,918033,628653,449038,269423,4200000,645463239,16800,11760,756,105412,58298,2539,1739149,1119991,55647,112,14287,16,170,14472,75.0,3341043,1739149,1119991,4461034
174,7,63,63,140,91,63,28,63,63,511,86902,1934854,918033,628653,449038,269423,4200000,649663239,16800,11760,757,106169,58604,2554,1748469,1126913,55896,112,14365,16,170,14550,75.0,3380712,1748469,1126913,4507625
175,7,63,63,140,91,63,28,63,63,511,87413,1934854,918033,628653,449038,269423,4200000,653863239,16800,11760,758,106926,58909,2569,1757782,1133831,56132,112,14442,16,170,14627,75.0,3420534,1757782,1133831,4554365
176,7,63,63,140,91,63,28,63,63,511,87924,1934854,918033,628653,449038,269423,4200000,658063239,16800,11760,759,107685,59214,2583,1767088,1140743,56370,112,14520,16,170,14705,75.0,3460508,1767088,1140743,4601251
177,7,63,63,140,91,63,28,63,63,511,88435,1934854,918033,628653,449038,269423,4200000,662263239,16800,11760,760,108445,59518,2598,1776387,1147651,56610,112,14598,16,170,14783,75.0,3500637,1776387,1147651,4648288
178,7,63,63,140,91,63,28,63,63,511,88946,1934854,918033,628653,449038,269423,4200000,666463239,16800,11760,761,109206,59823,2613,1785680,1154553,56852,112,14675,16,170,14860,75.0,3540924,1785680,1154553,4695477
179,7,63,63,140,91,63,28,63,63,511,89457,1934854,918033,628653,449038,269423,4200000,670663239,16800,11760,762,109967,60127,2628,1794965,1161450,57065,112,14753,16,170,14937,75.0,3581340,1794965,1161450,4742790
180,7,63,63,140,91,63,28,63,63,511,89968,1934854,918033,628653,449038,269423,4200000,674863239,16800,11760,762,110730,60431,2642,1804244,1168343,57278,112,14830,16,170,15015,75.0,3621884,1804244,1168343,4790227
